"Dic.Ori","base.orderrank"
"","4974"
"–","4975"
"¿qué","4596.5"
"‘caus","4426.5"
"&","4976"
"000","4977"
"1","4978"
"10","4979"
"100","4980"
"12","4981"
"13","4982"
"15","4983"
"16","4984"
"2","4985"
"20","4986"
"24","4987"
"2x","4988"
"3","4989"
"30","4990"
"3x","4991"
"4","4992"
"40","4993"
"4x","4994"
"5","4995"
"50","4996"
"6","4997"
"7","4998"
"8","4999"
"9","5000"
"a","6"
"à","427.5"
"â","4755.5"
"å","4899"
"aaah","3099.5"
"aah","3634.5"
"aan","4899"
"ab","1398"
"abandon","3099.5"
"aber","2020"
"abl","1957"
"aboard","4050"
"about","106"
"abov","473"
"abr","4755.5"
"absenc","4050"
"absolut","4050"
"absurd","3835"
"abus","2380"
"abyss","3835"
"acaba","4596.5"
"acabar","4426.5"
"accept","1503.5"
"accid","4596.5"
"accus","3634.5"
"ace","4050"
"ach","2020"
"achiev","2466.5"
"acid","4426.5"
"across","724"
"act","664.5"
"action","919"
"actor","4755.5"
"actual","3099.5"
"ad","3634.5"
"adam","4253.5"
"add","3835"
"addict","1725"
"adentro","4596.5"
"adesso","4899"
"adio","4426.5"
"adió","2555.5"
"admir","2380"
"admit","1368.5"
"ador","1725"
"advanc","2947.5"
"adventur","2808"
"advic","2947.5"
"afar","3835"
"affair","2808"
"affect","1633"
"afford","3274"
"afraid","548"
"africa","4253.5"
"after","399.5"
"afternoon","2150"
"again","118"
"against","611.5"
"age","1054.5"
"ago","1032.5"
"agoni","4596.5"
"agora","3634.5"
"agre","3099.5"
"agua","3099.5"
"ah","264.5"
"aha","3274"
"ahead","1121"
"ahh","983.5"
"ahhh","3835"
"ahi","1840"
"ahí","3451.5"
"ahora","829"
"ai","230"
"aid","3274"
"aim","1633"
"ain","1783"
"aina","4899"
"ainda","4050"
"aint","784"
"air","519.5"
"al","418"
"ala","2380"
"alarm","2380"
"album","1368.5"
"alcohol","1547"
"aldrig","4050"
"alegr","4050"
"alegria","4050"
"alegría","4253.5"
"algo","1305.5"
"alguém","4050"
"alguien","1677.5"
"algún","3451.5"
"alguna","3099.5"
"ali","4899"
"alibi","2555.5"
"alien","2466.5"
"aliv","562"
"all","20"
"alla","1398"
"allá","4755.5"
"allah","4253.5"
"alleen","4899"
"allein","3451.5"
"alleluia","4596.5"
"allen","4596.5"
"aller","4050"
"alley","1957"
"allí","2808"
"allow","2020"
"allt","3274"
"alltid","4755.5"
"alma","937.5"
"almighti","3451.5"
"almost","1345"
"alon","220"
"along","449"
"alor","1725"
"alreadi","829"
"alright","361.5"
"also","2668"
"alt","3835"
"altar","3451.5"
"alter","3274"
"although","1503.5"
"alto","3835"
"altro","4899"
"alway","147"
"am","17"
"ama","2150"
"amanec","4050"
"amant","4596.5"
"amar","1398"
"amart","2020"
"amaz","1345"
"ambit","2947.5"
"amen","3835"
"america","1434.5"
"american","948.5"
"ami","1590"
"amiga","4596.5"
"amigo","2299.5"
"amo","1260"
"among","2299.5"
"amongst","3835"
"amor","274"
"amour","2380"
"amus","3835"
"an","134"
"ana","4899"
"anch","4253.5"
"anchor","3835"
"ancient","2668"
"ancora","4755.5"
"and","5"
"anda","4596.5"
"andar","2808"
"ander","2668"
"ando","4253.5"
"ang","4755.5"
"angel","479.5"
"anger","2223"
"angri","2299.5"
"angst","4426.5"
"anguish","4426.5"
"ani","404"
"anim","2020"
"ann","2083"
"anna","4426.5"
"anni","3274"
"annihil","4596.5"
"ano","3634.5"
"año","4253.5"
"anoth","198"
"answer","525"
"ant","1054.5"
"anticip","3634.5"
"anybodi","1324.5"
"anyhow","4050"
"anymor","458"
"anyon","913.5"
"anyth","390.5"
"anytim","2466.5"
"anyway","927"
"anywher","1177.5"
"ao","3099.5"
"apart","498.5"
"apathi","3274"
"apolog","2223"
"appeal","2947.5"
"appear","1895.5"
"appl","2466.5"
"appreci","2808"
"approach","4050"
"aprè","4899"
"aprend","4755.5"
"april","3274"
"aqu","4899"
"aquel","2668"
"aquella","3099.5"
"aquello","4596.5"
"aqui","1590"
"aquí","1099.5"
"ar","4050"
"är","2223"
"are","21"
"arena","4596.5"
"argu","4755.5"
"aris","1895.5"
"arm","374.5"
"armi","1398"
"around","120"
"arrang","3451.5"
"arriba","1725"
"arriv","1160.5"
"arrow","3099.5"
"art","1434.5"
"artist","2083"
"as","76"
"ascend","3099.5"
"ash","1233.5"
"asham","2299.5"
"asi","1725"
"así","1783"
"asid","1957"
"ask","298.5"
"askin","3274"
"asleep","1305.5"
"ass","444"
"assassin","3835"
"asshol","3835"
"assim","4426.5"
"assum","3451.5"
"assur","4253.5"
"astray","2947.5"
"at","74"
"ate","4050"
"até","4596.5"
"atmospher","4755.5"
"atom","3835"
"atrá","3451.5"
"att","3099.5"
"attack","1633"
"attempt","2947.5"
"attend","3099.5"
"attent","1547"
"attitud","2808"
"attract","3099.5"
"au","716"
"auch","1725"
"auf","602"
"augen","4899"
"aujourdhui","3835"
"aun","3274"
"aún","3451.5"
"aunqu","1211"
"aura","4253.5"
"aus","1211"
"aussi","3274"
"author","2808"
"auto","4050"
"automat","3634.5"
"autr","2380"
"autumn","3274"
"aux","1305.5"
"av","2668"
"avait","2555.5"
"avant","3634.5"
"ave","3634.5"
"avec","1503.5"
"avenu","2380"
"avoid","2808"
"aw","2555.5"
"await","2555.5"
"awak","1160.5"
"awaken","4426.5"
"awar","1725"
"away","82"
"awhil","1957"
"axe","3835"
"ay","553.5"
"aye","1840"
"ayer","2083"
"az","4899"
"azul","4755.5"
"b","2020"
"ba","2466.5"
"babe","775"
"babi","60"
"babylon","2223"
"back","75"
"background","4596.5"
"backward","2947.5"
"bad","239.5"
"bag","1177.5"
"bah","1633"
"bail","2808"
"baila","2668"
"bailando","3634.5"
"bailar","2808"
"bajo","3634.5"
"bake","3634.5"
"balanc","2555.5"
"bald","3274"
"ball","784"
"balloon","3099.5"
"bam","4596.5"
"banana","4050"
"band","1160.5"
"bang","763"
"bank","2380"
"bar","704.5"
"bara","4596.5"
"bare","1211"
"bark","2808"
"barrel","2808"
"barrio","2466.5"
"bas","2668"
"base","2083"
"basement","2299.5"
"bass","1233.5"
"basta","1434.5"
"bastard","2299.5"
"bat","2947.5"
"bath","2947.5"
"bathroom","2947.5"
"batter","4050"
"battl","1069"
"bay","3451.5"
"be","24"
"beach","2808"
"beam","2466.5"
"bean","4253.5"
"bear","1191"
"beast","2020"
"beat","281"
"beaten","4596.5"
"beau","2466.5"
"beauti","339"
"becam","2668"
"becaus","329"
"beckon","3451.5"
"becom","562"
"bed","505"
"bedroom","4050"
"bee","2555.5"
"beef","1368.5"
"been","95.5"
"beep","4596.5"
"beer","1633"
"befor","174"
"beg","996.5"
"began","2020"
"beggin","3634.5"
"begin","594.5"
"begun","1725"
"behav","4050"
"behind","370"
"behold","2083"
"bei","2466.5"
"bein","1725"
"belief","1957"
"believ","154"
"bell","697.5"
"bella","3835"
"belli","2380"
"bello","4426.5"
"belong","820"
"belov","4596.5"
"below","1547"
"belt","3835"
"bem","3274"
"ben","4253.5"
"bend","903.5"
"bene","4755.5"
"beneath","937.5"
"bent","2808"
"berlin","3634.5"
"besid","1054.5"
"beso","1191"
"besoin","3274"
"besser","3451.5"
"best","370"
"bet","1324.5"
"betray","2020"
"better","158.5"
"betti","4596.5"
"between","482.5"
"bewar","3274"
"beyond","919"
"bi","4596.5"
"bibl","2380"
"bid","2466.5"
"bien","664.5"
"big","276.5"
"bigger","2668"
"biggest","3099.5"
"bij","4899"
"bike","3451.5"
"bill","1160.5"
"billi","2947.5"
"billion","4050"
"bin","842.5"
"bind","2299.5"
"bir","3451.5"
"bird","927"
"birth","1468"
"birthday","3634.5"
"bis","1590"
"bist","864.5"
"bit","588.5"
"bitch","402.5"
"bite","903.5"
"bitt","3634.5"
"bitter","1840"
"bla","4899"
"black","334"
"blacken","3634.5"
"blade","2555.5"
"blah","4596.5"
"blame","673"
"blanca","4899"
"blanco","3835"
"blank","3099.5"
"blanket","3451.5"
"blast","1345"
"blaze","1895.5"
"bled","3634.5"
"bleed","519.5"
"bleib","4899"
"bleibt","4050"
"bless","704.5"
"blew","2223"
"bli","3099.5"
"blick","4899"
"blind","494"
"blink","3634.5"
"blir","4755.5"
"bliss","2555.5"
"blister","3634.5"
"block","594.5"
"blond","2947.5"
"blood","339"
"bloodi","3274"
"bloom","2947.5"
"blossom","4050"
"blow","458"
"blowin","3274"
"blown","1434.5"
"blue","317"
"bluebird","3634.5"
"blunt","2223"
"blur","3274"
"blut","4050"
"bo","1503.5"
"board","3451.5"
"boat","2668"
"bob","1503.5"
"bobbi","2466.5"
"boca","1783"
"bodi","411.5"
"boil","4253.5"
"bold","2223"
"bom","3634.5"
"bomb","1398"
"bon","2223"
"bond","2555.5"
"bone","724"
"bonheur","2947.5"
"bonita","4253.5"
"bonito","3274"
"bonni","2947.5"
"boo","2808"
"boogi","2380"
"book","1121"
"boom","1725"
"boot","1633"
"booti","2668"
"booz","4050"
"bop","4426.5"
"bord","3274"
"border","3099.5"
"bore","1121"
"born","577"
"borrow","2083"
"boss","2083"
"both","577"
"bother","1368.5"
"bottl","1305.5"
"bottom","803.5"
"bought","1590"
"boulevard","3274"
"bounc","1285.5"
"bound","1084.5"
"bout","431.5"
"bow","1260"
"bowl","2466.5"
"box","1345"
"boy","184"
"boyfriend","4050"
"brain","763"
"brake","3835"
"branch","2947.5"
"brand","1177.5"
"bras","3634.5"
"brauch","2150"
"brave","2150"
"brazo","3634.5"
"bread","1895.5"
"break","213"
"breakdown","4253.5"
"breakfast","4253.5"
"breakin","1434.5"
"breast","4050"
"breath","374.5"
"breed","3274"
"breez","1160.5"
"brick","1503.5"
"bride","2380"
"bridg","1032.5"
"bright","811"
"brighter","2555.5"
"bring","282"
"broad","2808"
"broke","647.5"
"broken","444"
"brooklyn","2223"
"brother","511.5"
"brought","1069"
"brown","737"
"bruis","2380"
"brush","3634.5"
"brutal","4050"
"bu","4755.5"
"bubbl","2020"
"buck","1503.5"
"bucket","3835"
"buddi","2380"
"buen","4426.5"
"buena","2020"
"bueno","4050"
"bug","3274"
"build","750"
"built","1069"
"bull","2466.5"
"bullet","1285.5"
"bullshit","1590"
"bum","2668"
"bump","2947.5"
"bunch","4426.5"
"burden","4253.5"
"buri","1084.5"
"burn","252"
"burnin","2083"
"burnt","2947.5"
"burst","2947.5"
"bus","2466.5"
"busca","3835"
"buscando","2668"
"buscar","3099.5"
"busco","4426.5"
"bush","3634.5"
"busi","1084.5"
"bust","903.5"
"but","32"
"butcher","2947.5"
"butt","3451.5"
"butter","3274"
"butterfli","3634.5"
"button","3451.5"
"buy","656.5"
"buzz","3835"
"by","94"
"bye","664.5"
"c","1547"
"ca","70"
"ça","864.5"
"cabeza","2947.5"
"cada","948.5"
"cadillac","3634.5"
"cae","4050"
"caer","3099.5"
"cafe","3835"
"café","3835"
"cage","1725"
"cake","1633"
"california","2223"
"call","128"
"callin","1324.5"
"calm","1633"
"calma","2808"
"calor","2947.5"
"cama","1840"
"cambia","3274"
"cambiar","3634.5"
"cambio","4253.5"
"came","321.5"
"camera","4253.5"
"caminar","4050"
"caminho","4596.5"
"camino","1590"
"can","41"
"can’t","2808"
"canât","2668"
"cancer","2947.5"
"cancion","2380"
"canción","2020"
"candi","2947.5"
"candl","2020"
"cannot","588.5"
"cansado","4426.5"
"cant","1260"
"canta","4050"
"cantando","4253.5"
"cantar","1368.5"
"canto","3451.5"
"cap","3451.5"
"capit","4253.5"
"captain","2150"
"captiv","4050"
"captur","2668"
"car","431.5"
"cara","1783"
"card","1345"
"care","250"
"careless","4596.5"
"caress","3634.5"
"cari","4426.5"
"caricia","3451.5"
"cariño","2466.5"
"carn","4596.5"
"carnav","4755.5"
"carol","3099.5"
"carpet","4253.5"
"carri","515"
"carv","2466.5"
"casa","2668"
"case","1260"
"cash","1260"
"casi","3274"
"caso","3451.5"
"cast","1725"
"castl","2808"
"cat","820"
"catch","673"
"caught","533"
"caus","72"
"cave","3451.5"
"cd","3274"
"ce","490"
"cè","4253.5"
"ceas","3274"
"ceil","2466.5"
"celebr","1677.5"
"cell","1547"
"cent","3634.5"
"center","2808"
"centuri","2020"
"cerca","3451.5"
"certain","1434.5"
"ces","1142"
"cest","467"
"cétait","2668"
"cett","1368.5"
"céu","4596.5"
"ceux","4426.5"
"cha","2466.5"
"chain","711.5"
"chair","1233.5"
"challeng","3634.5"
"chamber","4253.5"
"champagn","3099.5"
"champion","4755.5"
"chanc","469"
"chang","166"
"channel","4050"
"chanson","3451.5"
"chant","1840"
"chao","2299.5"
"chapter","4050"
"chaqu","3835"
"charg","1677.5"
"charli","4596.5"
"charm","1725"
"chart","3274"
"chase","958.5"
"chat","3835"
"che","1260"
"cheap","1895.5"
"cheat","2808"
"check","617.5"
"cheek","1547"
"cheer","1547"
"chees","2808"
"chemic","3099.5"
"chemin","3835"
"cherch","4596.5"
"cherish","4050"
"cherri","1840"
"chest","1468"
"chew","3451.5"
"chez","3835"
"chi","1677.5"
"chica","3451.5"
"chicago","2223"
"chick","1285.5"
"chicken","1783"
"chico","4426.5"
"child","629"
"childhood","4596.5"
"children","903.5"
"chill","1324.5"
"chime","4050"
"chin","3634.5"
"china","4755.5"
"chip","2466.5"
"chocol","4050"
"choic","855.5"
"choir","3274"
"choke","1590"
"choos","890.5"
"chop","2947.5"
"chord","3835"
"chorus","207"
"chose","1368.5"
"chosen","1957"
"christ","1840"
"christian","3835"
"christma","768.5"
"chrome","2466.5"
"church","1725"
"ci","4426.5"
"ciel","2466.5"
"cielo","1211"
"cigarett","1677.5"
"circl","1121"
"circumst","1957"
"circus","4426.5"
"citi","529"
"ciudad","2380"
"civil","2223"
"claim","1725"
"clap","1783"
"claro","3835"
"class","1434.5"
"claus","4253.5"
"claw","2466.5"
"clay","4050"
"clean","811"
"cleans","2380"
"clear","492"
"clever","2808"
"click","1590"
"climb","1260"
"cling","3099.5"
"clip","1547"
"clock","1677.5"
"clone","4596.5"
"close","266.5"
"closer","1547"
"closet","3634.5"
"cloth","996.5"
"cloud","890.5"
"cloudi","3835"
"clown","1633"
"club","1142"
"clue","2150"
"clutch","4426.5"
"cmon","750"
"co","3099.5"
"coal","3451.5"
"coast","1633"
"coat","2808"
"cocain","3274"
"cock","1725"
"code","2150"
"coeur","2380"
"coffe","2020"
"coffin","2808"
"coin","2668"
"coisa","3835"
"coke","1957"
"col","4426.5"
"cold","352.5"
"colder","3451.5"
"collaps","3451.5"
"collar","4755.5"
"collect","1633"
"colleg","3835"
"collid","2668"
"color","1211"
"colour","2808"
"com","2223"
"comb","3274"
"combat","4426.5"
"combin","4050"
"come","39"
"comfort","1285.5"
"comin","477"
"comm","540"
"command","2808"
"comment","2668"
"commit","3835"
"common","1783"
"communic","3274"
"como","463"
"cómo","1840"
"compani","2668"
"compar","3099.5"
"compass","3274"
"complain","2466.5"
"complet","1160.5"
"complex","3835"
"complic","2668"
"comprehend","4253.5"
"comprend","4755.5"
"compromis","3451.5"
"comput","3274"
"con","295"
"conceal","2668"
"conceiv","2668"
"concentr","4253.5"
"concern","1895.5"
"conclus","3274"
"concret","3451.5"
"condemn","3274"
"condit","3451.5"
"confess","1324.5"
"confid","3634.5"
"confin","4426.5"
"confront","3634.5"
"confus","1020"
"conmigo","1590"
"connect","2083"
"conoc","4253.5"
"conquer","2150"
"conscienc","2555.5"
"conscious","4050"
"consequ","2466.5"
"consid","2947.5"
"consol","3634.5"
"constant","3099.5"
"consum","1783"
"contact","4253.5"
"contain","2947.5"
"contar","4050"
"contempl","4253.5"
"content","2299.5"
"contigo","1084.5"
"continu","2083"
"contr","2947.5"
"contra","3634.5"
"control","431.5"
"convers","2299.5"
"convict","4426.5"
"convinc","2668"
"cook","1677.5"
"cool","477"
"cop","656.5"
"cope","3835"
"cor","4426.5"
"coração","3634.5"
"coraz","4899"
"corazon","1099.5"
"corazón","744"
"core","2947.5"
"corn","3835"
"corner","1260"
"coro","2020"
"corp","2947.5"
"corpo","4899"
"corpor","3835"
"corps","4050"
"corr","4755.5"
"correct","2668"
"correr","4755.5"
"corrupt","2380"
"cos","756.5"
"cosa","1191"
"cose","4899"
"così","4899"
"cosmic","4050"
"cost","1895.5"
"cotton","2380"
"couch","4253.5"
"cough","4899"
"could","87"
"count","803.5"
"counti","3099.5"
"countri","629"
"coup","2083"
"coupl","1633"
"courag","3099.5"
"cours","1957"
"court","1895.5"
"cousin","2808"
"cover","656.5"
"cow","3451.5"
"coward","1677.5"
"cowboy","2947.5"
"coz","1677.5"
"crack","548"
"cradl","3274"
"crap","4253.5"
"crash","1547"
"crave","3099.5"
"crawl","969.5"
"crazi","344"
"cream","2299.5"
"creat","1547"
"creation","2380"
"creator","4755.5"
"creatur","2466.5"
"credit","3634.5"
"cree","4755.5"
"creep","1590"
"creer","4050"
"creo","3274"
"crew","1032.5"
"cri","182.5"
"crime","1305.5"
"crimin","2380"
"crimson","2223"
"crippl","3835"
"cristal","3274"
"critic","2668"
"croi","4253.5"
"croir","3274"
"crook","1725"
"cross","550.5"
"crow","2223"
"crowd","737"
"crown","1398"
"crucifi","3835"
"cruel","1398"
"cruis","3099.5"
"crumbl","1783"
"crush","1677.5"
"cruz","4050"
"cryin","1069"
"crystal","1434.5"
"cu","4899"
"cualquier","3274"
"cuando","647.5"
"cuanto","3274"
"cuatro","4755.5"
"cuenta","1677.5"
"cuento","3099.5"
"cuerpo","1503.5"
"culpa","4253.5"
"cultur","3099.5"
"cum","4050"
"cunt","4755.5"
"cuor","4899"
"cup","1677.5"
"cur","2808"
"cure","1783"
"curious","4596.5"
"curl","3274"
"current","4426.5"
"curs","1434.5"
"curtain","3274"
"curv","4426.5"
"cut","519.5"
"cute","2947.5"
"cuz","496"
"cycl","3099.5"
"d","969.5"
"da","190"
"dá","4426.5"
"då","4596.5"
"dabei","4426.5"
"dad","2083"
"daddi","556.5"
"dado","4050"
"dag","4253.5"
"dah","4253.5"
"dai","4899"
"daili","2947.5"
"dal","4899"
"dale","2380"
"dalla","4050"
"dam","4596.5"
"damag","3099.5"
"dame","1398"
"damn","602"
"damnat","3099.5"
"damour","3835"
"dan","387.5"
"danc","188"
"dancer","4050"
"dancin","1084.5"
"danger","937.5"
"dann","855.5"
"dans","4050"
"dar","3099.5"
"där","4253.5"
"dare","1324.5"
"dark","337"
"darken","3099.5"
"darker","4426.5"
"darkest","2223"
"darl","638.5"
"darlin","1260"
"dart","2808"
"das","463"
"dash","3451.5"
"dass","2020"
"daß","2380"
"dat","1895.5"
"date","1324.5"
"daughter","1020"
"dautr","2808"
"david","2555.5"
"dawn","1008.5"
"day","73"
"daydream","4050"
"daylight","2466.5"
"daze","4596.5"
"de","65"
"dead","310.5"
"deaf","2947.5"
"deal","919"
"dear","638.5"
"death","374.5"
"debe","3835"
"debo","4755.5"
"debt","4755.5"
"decad","3835"
"decay","2947.5"
"deceit","3835"
"deceiv","1725"
"decemb","3634.5"
"decept","4050"
"decid","1285.5"
"decir","1783"
"decirt","2947.5"
"decis","1725"
"deck","3451.5"
"declar","4050"
"declin","4426.5"
"dedic","2555.5"
"dedo","4050"
"dee","3835"
"deed","2808"
"deep","395.5"
"deeper","2555.5"
"deepest","3634.5"
"deepli","4426.5"
"defeat","1783"
"defend","1677.5"
"defens","3835"
"defi","4050"
"defin","2668"
"definit","3451.5"
"deg","4755.5"
"degre","1725"
"dei","4596.5"
"dein","890.5"
"deinem","4755.5"
"deinen","3274"
"deiner","4253.5"
"deixa","4755.5"
"deja","1677.5"
"déjà","3634.5"
"déjame","4596.5"
"dejar","3835"
"deje","4596.5"
"dejo","3274"
"del","605.5"
"delight","2947.5"
"deliv","3451.5"
"dell","4755.5"
"della","4755.5"
"delus","4426.5"
"dem","444"
"demai","4596.5"
"demain","4050"
"demand","2083"
"demasiado","4596.5"
"demis","2466.5"
"demon","842.5"
"den","673"
"deni","937.5"
"denial","4050"
"denk","673"
"denn","1260"
"dentro","2380"
"depart","3274"
"depend","2083"
"depoi","4755.5"
"depress","2223"
"depth","3451.5"
"depui","2668"
"der","444"
"des","324"
"descend","2947.5"
"describ","3835"
"desd","1233.5"
"deseo","2083"
"desert","1957"
"deserv","1434.5"
"design","2083"
"desir","876.5"
"desol","3274"
"despair","2808"
"desper","1725"
"despertar","3835"
"despierta","4426.5"
"despierto","3634.5"
"despis","3451.5"
"despit","3451.5"
"despu","4426.5"
"despué","3634.5"
"destin","1783"
"destini","1547"
"destino","3634.5"
"destroy","811"
"destruct","1160.5"
"det","1547"
"determin","4755.5"
"dêtre","4253.5"
"deus","4596.5"
"deux","1468"
"devant","3634.5"
"devast","4426.5"
"devil","622"
"devot","2668"
"devour","3451.5"
"dew","4596.5"
"di","568.5"
"dia","1211"
"día","1032.5"
"diablo","4755.5"
"dial","4596.5"
"diamond","1121"
"días","3451.5"
"dice","1069"
"dicen","2299.5"
"dich","768.5"
"dick","1121"
"did","139.5"
"die","125"
"dies","4050"
"dieser","3099.5"
"dieu","2020"
"diferent","4899"
"differ","592"
"difícil","4050"
"dig","829"
"diga","2083"
"digit","2299.5"
"digniti","4899"
"digo","2150"
"dije","3634.5"
"dijo","4596.5"
"dim","2466.5"
"dime","969.5"
"dimens","4050"
"dimmi","4050"
"din","4253.5"
"dine","3835"
"dinero","4596.5"
"ding","3451.5"
"dinner","2947.5"
"dio","1044"
"dip","2083"
"dir","1032.5"
"dire","2083"
"direct","1677.5"
"dirt","1633"
"dirti","1069"
"dis","1957"
"disagre","3634.5"
"disappear","1398"
"disappoint","3099.5"
"disast","2299.5"
"disco","4755.5"
"disconnect","1840"
"discov","3835"
"diseas","1324.5"
"disgrac","1677.5"
"disguis","1840"
"disgust","3634.5"
"dish","2947.5"
"display","2668"
"diss","3451.5"
"dissolv","3451.5"
"distanc","1345"
"distancia","4050"
"distant","1957"
"distort","3634.5"
"distract","2947.5"
"distress","4596.5"
"disturb","4426.5"
"dit","1233.5"
"ditch","3634.5"
"ditt","4253.5"
"dive","3835"
"divid","2083"
"divin","1783"
"diz","4253.5"
"dizer","4050"
"dizzi","3099.5"
"dj","1008.5"
"do","15"
"doch","1099.5"
"doctor","1008.5"
"doe","327.5"
"dog","605.5"
"doi","3835"
"doigt","4755.5"
"doin","656.5"
"doll","3274"
"dollar","1032.5"
"dolor","1677.5"
"dom","4253.5"
"domani","4899"
"domin","3451.5"
"don","1008.5"
"don’t","1233.5"
"don`t","4050"
"don´t","4755.5"
"donât","1783"
"donc","4596.5"
"dond","948.5"
"dónde","2668"
"done","269"
"dong","4050"
"donn","4050"
"donna","4899"
"dont","958.5"
"doo","4050"
"doom","2020"
"door","292"
"doorway","3835"
"dope","1121"
"dor","4426.5"
"dormir","4050"
"dort","4596.5"
"dos","842.5"
"dot","2668"
"doubl","1305.5"
"doubt","937.5"
"dough","1725"
"dove","2947.5"
"down","52"
"downtown","2947.5"
"doy","3451.5"
"dr","2668"
"drag","1211"
"dragon","1434.5"
"drain","2020"
"drama","2380"
"drank","2020"
"draw","1191"
"drawn","2947.5"
"dread","2223"
"dream","155"
"dreamer","4426.5"
"dreamin","2083"
"dreamt","4899"
"dress","756.5"
"drew","4050"
"dri","1121"
"drift","1468"
"drink","529"
"drinkin","2299.5"
"drip","3099.5"
"drive","629"
"driven","3099.5"
"driver","4426.5"
"drivin","2150"
"droit","3099.5"
"drop","463"
"drove","2555.5"
"drown","876.5"
"drug","1434.5"
"drum","1044"
"drunk","1142"
"drunken","4050"
"du","196"
"dub","3634.5"
"duck","1840"
"duda","3835"
"dude","1895.5"
"due","1725"
"duel","2668"
"dug","3835"
"dulc","2555.5"
"dull","3099.5"
"dum","2466.5"
"dumb","1957"
"dun","1160.5"
"dune","1840"
"dura","3634.5"
"durch","3274"
"dure","3274"
"duro","4755.5"
"dusk","4596.5"
"dust","1084.5"
"dusti","4253.5"
"duti","4426.5"
"dwell","1677.5"
"dyin","1895.5"
"dynamit","1895.5"
"e","344"
"é","1121"
"è","2808"
"each","411.5"
"eager","3634.5"
"eagl","1547"
"ear","983.5"
"earli","1121"
"earn","2668"
"earth","427.5"
"eas","1305.5"
"easi","399.5"
"easier","2380"
"easili","2555.5"
"east","1725"
"eat","683"
"echo","1590"
"ecstasi","1547"
"ed","2808"
"eden","4596.5"
"edg","2083"
"educ","2947.5"
"een","4899"
"effect","3274"
"effort","3099.5"
"eg","2555.5"
"egal","3099.5"
"egg","3835"
"ego","2466.5"
"eh","1211"
"ei","1957"
"eight","2150"
"ein","737"
"einem","4426.5"
"einen","3451.5"
"einer","4426.5"
"einfach","2947.5"
"einmal","4050"
"either","1633"
"el","143"
"él","3451.5"
"ela","4050"
"ele","4050"
"electr","3835"
"element","4596.5"
"elev","3835"
"ell","548"
"ella","737"
"ello","2808"
"els","436.5"
"elvi","4426.5"
"em","219"
"ember","4253.5"
"embrac","1084.5"
"emerg","2223"
"emot","1121"
"empezar","4050"
"empieza","4596.5"
"empir","3274"
"empti","568.5"
"en","115"
"enää","4755.5"
"enamorado","4253.5"
"enchant","4050"
"encontrar","3274"
"encor","1099.5"
"encuentro","2808"
"end","175"
"endless","1285.5"
"endlich","4253.5"
"endur","3634.5"
"enemi","969.5"
"energi","2947.5"
"enfant","2808"
"engin","2223"
"england","3835"
"english","1547"
"enjoy","2668"
"enough","295"
"enslav","4596.5"
"então","4755.5"
"entend","3451.5"
"enter","2380"
"entertain","3274"
"entiendo","4253.5"
"entir","4050"
"entonc","4253.5"
"entr","1032.5"
"entrar","3835"
"envi","1840"
"equal","2083"
"er","996.5"
"era","1008.5"
"eras","2083"
"ere","1398"
"error","2947.5"
"erst","4050"
"es","163"
"és","4755.5"
"esa","1368.5"
"escap","691.5"
"escapar","2808"
"escond","3835"
"escucha","4899"
"escuchar","2668"
"ese","1503.5"
"eso","1398"
"especi","2555.5"
"espejo","4050"
"espera","3835"
"esperando","3451.5"
"esperanza","3451.5"
"esperar","3634.5"
"espero","2380"
"esquina","4596.5"
"ess","4899"
"essa","3099.5"
"essenc","3634.5"
"esser","4755.5"
"est","414.5"
"esta","731"
"está","1069"
"estaba","3451.5"
"estamo","2668"
"están","2668"
"estar","1211"
"estc","2555.5"
"esté","3835"
"esto","1725"
"estou","3451.5"
"estoy","811"
"estrella","2380"
"estribillo","3835"
"et","234.5"
"était","1840"
"etc","3835"
"etern","1211"
"eterno","4426.5"
"être","4596.5"
"ett","3634.5"
"että","4899"
"etwa","4050"
"eu","750"
"euch","2223"
"eve","4253.5"
"even","197"
"eventu","4050"
"ever","137"
"everi","135"
"everlast","1783"
"everybodi","270.5"
"everyday","605.5"
"everyon","544.5"
"everyth","144"
"everytim","1285.5"
"everywher","750"
"evid","2668"
"evil","775"
"evolut","4050"
"evri","4755.5"
"exact","1957"
"except","2083"
"excit","2555.5"
"excus","2150"
"execut","4899"
"exist","927"
"exit","4050"
"expect","1957"
"experi","3835"
"explain","983.5"
"explod","2223"
"explor","3274"
"explos","3274"
"expos","3099.5"
"express","2380"
"extra","1895.5"
"extraño","2223"
"extrem","4050"
"ey","2223"
"eye","109"
"ez","4899"
"f","2555.5"
"fa","3274"
"face","151"
"facil","4596.5"
"fácil","4050"
"fact","1008.5"
"factori","3634.5"
"fade","482.5"
"fai","2555.5"
"fail","1345"
"failur","2947.5"
"faint","3099.5"
"fair","756.5"
"fairi","3835"
"fait","1233.5"
"faith","562"
"fake","842.5"
"fall","165"
"fallen","2150"
"fallin","1590"
"fals","1725"
"falta","1783"
"fame","1211"
"famili","697.5"
"familiar","2668"
"famous","2083"
"fan","2150"
"fanci","2668"
"fantasi","855.5"
"far","287.5"
"får","4899"
"fare","4050"
"farewel","4253.5"
"farm","2150"
"farther","4755.5"
"fascin","4050"
"fashion","2947.5"
"fast","525"
"faster","1503.5"
"fat","1177.5"
"fatal","3634.5"
"fate","756.5"
"father","768.5"
"fatto","4596.5"
"fault","1142"
"faut","1099.5"
"favor","1677.5"
"favorit","1895.5"
"favourit","4426.5"
"faz","4596.5"
"fazer","3099.5"
"fe","3099.5"
"fear","411.5"
"fearless","4253.5"
"feast","3451.5"
"feat","1957"
"feather","2808"
"featur","4050"
"fed","1547"
"feed","903.5"
"feel","68.5"
"feelin","744"
"feet","531"
"felicidad","3274"
"feliz","1368.5"
"fell","864.5"
"fella","3451.5"
"fellow","2947.5"
"felt","577"
"femm","1783"
"fenc","2808"
"fest","4050"
"feu","3835"
"fever","2020"
"few","1020"
"fi","1142"
"ficar","4253.5"
"fiction","4050"
"fiddl","2555.5"
"fiel","4050"
"field","1345"
"fiend","2150"
"fiesta","3835"
"fifteen","4426.5"
"fifti","2668"
"fight","319"
"fighter","3099.5"
"figur","1054.5"
"fil","4253.5"
"file","3451.5"
"fill","467"
"film","3274"
"filth","3274"
"filthi","4050"
"fim","4755.5"
"fin","1783"
"final","602"
"find","148"
"fine","505"
"finest","3451.5"
"finger","656.5"
"fingertip","3099.5"
"finish","1368.5"
"finn","4426.5"
"fino","4596.5"
"fire","300.5"
"firm","2466.5"
"first","303.5"
"fish","2555.5"
"fist","2466.5"
"fit","890.5"
"five","876.5"
"fix","1191"
"flag","2223"
"flame","711.5"
"flash","1547"
"flat","2947.5"
"flavor","4050"
"flaw","2555.5"
"flee","4050"
"fleet","4596.5"
"flesh","996.5"
"fleur","3099.5"
"flew","2380"
"fli","312.5"
"flicker","4253.5"
"flight","2020"
"flip","1211"
"flirt","4050"
"float","1260"
"flock","3274"
"flood","2947.5"
"floor","511.5"
"flor","3274"
"flore","3835"
"flow","724"
"flower","1211"
"flown","4253.5"
"flyin","3274"
"fo","3099.5"
"focus","2150"
"foe","3634.5"
"fog","1434.5"
"foi","1895.5"
"fold","1840"
"folk","1503.5"
"follow","365"
"fond","2808"
"fondo","4596.5"
"font","3835"
"food","1783"
"fool","434"
"foolish","1783"
"foot","1468"
"footstep","2555.5"
"for","23"
"för","3451.5"
"fora","4596.5"
"forbidden","4426.5"
"forc","969.5"
"fore","2150"
"foreign","2668"
"forest","2299.5"
"forev","297"
"forg","4426.5"
"forget","331"
"forgiv","716"
"forgiven","4596.5"
"forgot","1840"
"forgotten","1547"
"form","1345"
"forma","2299.5"
"fors","4755.5"
"forsak","2668"
"forsaken","4426.5"
"fort","1725"
"forth","1840"
"forti","2555.5"
"fortun","1895.5"
"forward","2947.5"
"foss","4899"
"foto","3451.5"
"fou","4253.5"
"fought","3099.5"
"foul","2668"
"found","339"
"foundat","3451.5"
"fountain","3835"
"four","890.5"
"fr","4899"
"fra","4899"
"fragil","2947.5"
"fragment","4426.5"
"frame","1633"
"från","4755.5"
"franc","3634.5"
"frank","3451.5"
"freak","1324.5"
"free","227"
"freedom","1160.5"
"freeway","4426.5"
"freez","1260"
"frei","3451.5"
"french","3835"
"frent","2466.5"
"fresh","996.5"
"freund","4253.5"
"fri","2668"
"friday","1260"
"friend","215"
"friendship","4253.5"
"fright","3835"
"frighten","2947.5"
"frío","4426.5"
"from","63"
"front","673"
"frost","4596.5"
"frown","1957"
"frozen","2223"
"fruit","2150"
"frustrat","2020"
"fuck","205"
"fucker","3634.5"
"fuckin","673"
"fue","1895.5"
"fuego","3835"
"fuel","2150"
"fuera","4426.5"
"fuert","3835"
"fuerza","2466.5"
"fui","2808"
"fuist","4253.5"
"fulfil","1957"
"full","568.5"
"fun","562"
"funer","3099.5"
"funk","1121"
"funki","1547"
"funni","890.5"
"fuori","4755.5"
"fur","3634.5"
"für","1211"
"furi","1783"
"further","2150"
"fuse","3835"
"fuss","3099.5"
"futur","562"
"futuro","4050"
"g","511.5"
"ga","4050"
"gå","4755.5"
"gain","1957"
"gal","903.5"
"galaxi","3274"
"gambl","4426.5"
"game","397"
"gana","1783"
"gang","1677.5"
"gangsta","775"
"ganz","2555.5"
"gar","3099.5"
"går","3835"
"garbag","3634.5"
"garden","1783"
"gas","2150"
"gasolin","3099.5"
"gate","1368.5"
"gather","1547"
"gave","505"
"gay","3274"
"gaze","1783"
"ge","4426.5"
"gear","3099.5"
"gee","2555.5"
"geen","4899"
"gefühl","4596.5"
"geh","2466.5"
"gehen","4253.5"
"gehn","4253.5"
"geht","2668"
"geld","2150"
"gen","2380"
"genau","3274"
"general","2223"
"generat","1211"
"genocid","4253.5"
"gent","1590"
"gentl","1783"
"gentlemen","3451.5"
"georg","2668"
"georgia","2808"
"gern","3274"
"gesicht","3835"
"get","36"
"gettin","515"
"ghetto","1020"
"ghost","903.5"
"gi","3274"
"già","4899"
"giant","4596.5"
"gib","4253.5"
"gibt","1840"
"gift","1398"
"gimm","1177.5"
"gin","3451.5"
"giorni","4899"
"giorno","3274"
"gira","4899"
"girl","88"
"girlfriend","2223"
"give","102"
"given","1121"
"givin","1345"
"glad","1160.5"
"glanc","2466.5"
"glass","1142"
"glaub","2808"
"gleam","3634.5"
"gleich","4050"
"gli","4253.5"
"glide","3634.5"
"glimps","3099.5"
"glisten","4426.5"
"glitter","4426.5"
"gloom","3634.5"
"glori","744"
"gloria","2083"
"glorious","4426.5"
"glove","4050"
"glow","1345"
"glück","4253.5"
"glue","4426.5"
"go","40"
"goal","2380"
"god","178"
"goddamn","2466.5"
"goe","368"
"goin","447.5"
"gold","948.5"
"golden","1285.5"
"golp","4426.5"
"gon","673"
"gone","169"
"gonna","83"
"good","127"
"goodby","479.5"
"goodnight","1783"
"gore","4755.5"
"got","44"
"gott","3451.5"
"gotta","193"
"gotten","3274"
"govern","3099.5"
"gown","4253.5"
"grab","927"
"grace","983.5"
"gracia","4050"
"grade","2555.5"
"grain","3634.5"
"gran","2555.5"
"grand","927"
"grant","1783"
"grasp","3835"
"grass","2083"
"grate","2150"
"grave","855.5"
"graveyard","4050"
"graviti","3099.5"
"gray","2299.5"
"great","634.5"
"greater","2947.5"
"greatest","2020"
"greed","1895.5"
"green","842.5"
"greet","2947.5"
"grew","1895.5"
"grey","1590"
"grief","3835"
"griev","3451.5"
"grin","2380"
"grind","2299.5"
"grip","1895.5"
"gris","2668"
"gritar","3634.5"
"grito","4755.5"
"groov","1840"
"groovi","4253.5"
"ground","436.5"
"group","2083"
"grow","463"
"grown","913.5"
"guarante","2223"
"guard","1895.5"
"guarda","4755.5"
"guardo","4899"
"guerra","2668"
"guess","444"
"guest","4253.5"
"guid","1032.5"
"guilt","2299.5"
"guilti","1547"
"guitar","1211"
"guitarra","4050"
"gun","519.5"
"gusta","1895.5"
"gut","1633"
"gutter","2668"
"guy","697.5"
"gypsi","3099.5"
"h","4426.5"
"ha","420.5"
"há","4253.5"
"haar","4755.5"
"hab","2150"
"habe","3451.5"
"haben","2808"
"habit","2466.5"
"habla","3835"
"hablar","2808"
"habrá","3835"
"hace","803.5"
"hacen","4426.5"
"hacer","1121"
"hacia","2808"
"had","142"
"haga","3634.5"
"hago","3099.5"
"hah","3099.5"
"hai","3274"
"hail","3099.5"
"hair","617.5"
"half","876.5"
"halfway","4596.5"
"hall","1725"
"hallelujah","2555.5"
"halo","3835"
"halt","3099.5"
"hammer","1783"
"han","1783"
"hän","4899"
"hand","146"
"handl","1783"
"handsom","4050"
"hang","537.5"
"hangin","2150"
"happen","537.5"
"happi","370"
"har","1434.5"
"här","3451.5"
"hard","182.5"
"hardcor","2808"
"harder","1398"
"hardest","2466.5"
"harm","2083"
"harmoni","3451.5"
"harri","3274"
"hart","4253.5"
"harvest","3634.5"
"has","202"
"hast","1957"
"hasta","864.5"
"hat","1008.5"
"hate","374.5"
"hater","1783"
"hatr","2808"
"haunt","927"
"haus","4253.5"
"haut","3274"
"have","28"
"havin","2223"
"hay","586"
"haze","3451.5"
"he","56"
"head","150"
"headlight","4755.5"
"heal","1084.5"
"health","2808"
"hear","181"
"heard","422"
"heart","91"
"heartach","1434.5"
"heartbeat","2020"
"heartbreak","2808"
"heat","642.5"
"heaven","431.5"
"heavi","913.5"
"heb","4899"
"hecho","3274"
"heed","3451.5"
"heel","1547"
"hei","4899"
"height","2808"
"held","1160.5"
"hell","306"
"hello","1177.5"
"help","264.5"
"helpless","2808"
"hem","4899"
"her","78"
"here","81"
"herida","3099.5"
"hermano","3274"
"hero","1398"
"heroin","3634.5"
"herself","2555.5"
"herz","3099.5"
"hesit","1547"
"het","4899"
"heur","3274"
"heut","3835"
"hey","158.5"
"hi","3634.5"
"hid","4426.5"
"hidden","2466.5"
"hide","358"
"hier","1398"
"high","285"
"higher","969.5"
"highest","3099.5"
"highway","1008.5"
"hij","4899"
"hijo","2947.5"
"hill","1345"
"him","177"
"himmel","4253.5"
"himself","2466.5"
"hin","4050"
"hip","1121"
"hiphop","2466.5"
"hippi","4426.5"
"his","114"
"histoir","2020"
"histori","1590"
"historia","2380"
"hit","287.5"
"hizo","4899"
"hmm","2020"
"ho","1895.5"
"hoe","1020"
"hogi","4899"
"hoje","3835"
"hold","167"
"holdin","1783"
"hole","691.5"
"holi","775"
"holiday","3835"
"holla","2380"
"holler","1957"
"hollow","1503.5"
"hollywood","3451.5"
"hombr","1895.5"
"home","168"
"homi","1305.5"
"homm","3451.5"
"hon","2668"
"honest","1468"
"honesti","4899"
"honey","573"
"honki","4596.5"
"honor","2223"
"hoo","3274"
"hood","691.5"
"hook","1069"
"hop","1590"
"hope","234.5"
"hopeless","2020"
"hopin","2466.5"
"hör","3835"
"hora","1305.5"
"horizon","2555.5"
"horizont","4050"
"horn","2466.5"
"horror","3634.5"
"hors","1398"
"hospit","4596.5"
"host","4596.5"
"hot","279"
"hotel","2668"
"hound","3634.5"
"hour","731"
"hous","349"
"how","77"
"howl","3274"
"hoy","784"
"hug","2668"
"huh","1121"
"hum","2808"
"human","1020"
"humbl","2808"
"hun","4899"
"hundr","1233.5"
"hung","2555.5"
"hunger","2380"
"hungri","1142"
"hunt","2947.5"
"hunter","2668"
"hur","4596.5"
"hurri","1084.5"
"hurrican","3634.5"
"hurt","408"
"hurtin","3451.5"
"husband","2668"
"hush","3835"
"hustl","2223"
"hypnot","3274"
"hypocrit","3835"
"i","1"
"i’ll","4426.5"
"i’m","1191"
"i’v","2466.5"
"i`m","3835"
"i´m","4596.5"
"iâ","4899"
"iâm","2668"
"iba","3634.5"
"ice","1233.5"
"ich","179"
"ici","1783"
"id","4596.5"
"idea","1783"
"ideal","2020"
"ident","3835"
"idiot","4050"
"idl","4050"
"idol","1633"
"if","46"
"igen","3634.5"
"ignit","2380"
"ignor","1160.5"
"igual","1725"
"ihm","3835"
"ihn","2947.5"
"ihr","842.5"
"ii","3634.5"
"ik","4050"
"ikk","4899"
"il","436.5"
"ill","1233.5"
"illumin","4426.5"
"illus","1840"
"ilusión","3634.5"
"im","673"
"ima","629"
"imag","2083"
"imagin","1054.5"
"imma","2380"
"immer","996.5"
"immort","4050"
"import","1783"
"importa","2083"
"impos","3634.5"
"imposs","3274"
"impress","2223"
"in","12"
"inch","2555.5"
"increas","4050"
"incred","3835"
"inde","3451.5"
"independ","4253.5"
"indian","1957"
"indiffer","3835"
"industri","3835"
"infect","1725"
"infierno","4426.5"
"infin","4596.5"
"infinit","3451.5"
"inform","3099.5"
"ingen","4253.5"
"ingent","3274"
"inhal","3634.5"
"inject","4253.5"
"ink","4050"
"inn","4596.5"
"inna","1895.5"
"inner","1957"
"innoc","948.5"
"insan","890.5"
"insect","4050"
"insecur","2223"
"insid","206"
"insiem","4899"
"insist","3274"
"inspir","2380"
"instant","2808"
"instead","996.5"
"instinct","3634.5"
"instrument","1345"
"int","4426.5"
"intens","3634.5"
"intent","1633"
"interest","4050"
"intern","4050"
"into","176"
"intox","3634.5"
"intro","2223"
"introduc","4050"
"invad","3835"
"invent","3099.5"
"invis","3274"
"invit","2299.5"
"involv","4050"
"io","4253.5"
"ir","2668"
"ira","4426.5"
"iron","1783"
"is","11"
"island","2020"
"isol","4426.5"
"isso","4253.5"
"issu","4253.5"
"ist","505"
"it","7"
"it’","2466.5"
"it´","3634.5"
"itâ","1895.5"
"itch","4899"
"itself","3099.5"
"ive","3835"
"j","1434.5"
"ja","1069"
"já","2808"
"jack","876.5"
"jacket","2947.5"
"jackson","2947.5"
"jade","2668"
"jag","1044"
"jah","1099.5"
"jahr","4596.5"
"jai","724"
"jail","2668"
"jaim","4899"
"jak","4253.5"
"jam","1099.5"
"jama","4050"
"jamá","2668"
"jamai","1285.5"
"jamaica","1840"
"jame","969.5"
"jane","1783"
"jar","3634.5"
"jaurai","2555.5"
"javai","3451.5"
"jaw","2808"
"jazz","3634.5"
"je","241"
"jealous","2808"
"jealousi","3835"
"jean","2299.5"
"jede","2947.5"
"jeden","2555.5"
"jeder","3451.5"
"jeg","4899"
"jen","2555.5"
"jenni","1142"
"jerk","3274"
"jest","4596.5"
"jesus","458"
"jet","3835"
"jétai","3451.5"
"jetzt","1547"
"jewel","2380"
"jij","4899"
"jim","3634.5"
"jimmi","4050"
"jingl","1032.5"
"jive","4253.5"
"jo","3835"
"job","1044"
"joe","1503.5"
"john","829"
"johnni","1069"
"join","1547"
"joint","2150"
"joka","4899"
"joke","1547"
"joli","3451.5"
"jone","3099.5"
"jos","4755.5"
"jou","4899"
"joue","3835"
"jour","1142"
"journey","2083"
"joy","763"
"jsui","4050"
"judg","1633"
"judgement","3451.5"
"judgment","3099.5"
"juego","3835"
"jugar","4899"
"juic","1547"
"jukebox","3634.5"
"juli","3099.5"
"jump","763"
"jumpin","4050"
"june","2808"
"jung","2555.5"
"jungl","1840"
"junk","4050"
"junki","3634.5"
"junto","1260"
"juro","4755.5"
"just","35"
"justic","2020"
"justifi","3835"
"k","3274"
"ka","3274"
"kad","4899"
"kai","4426.5"
"kaiken","4755.5"
"kaikki","4426.5"
"kalt","4050"
"kan","1368.5"
"kann","1121"
"kannst","3451.5"
"ke","4596.5"
"keep","110"
"keeper","4596.5"
"keepin","1468"
"kein","1468"
"keinen","3634.5"
"keiner","2466.5"
"kept","1020"
"key","775"
"ki","3835"
"kick","411.5"
"kickin","2668"
"kid","380.5"
"kill","272"
"killer","1957"
"killin","2555.5"
"kimi","4755.5"
"kind","393.5"
"kinda","948.5"
"king","450.5"
"kingdom","1547"
"kiss","321.5"
"kissin","3835"
"kitchen","2150"
"klar","4050"
"klein","4253.5"
"knee","622"
"kneel","2223"
"knew","414.5"
"knife","1468"
"knight","3451.5"
"knive","3099.5"
"knock","656.5"
"knockin","2466.5"
"knot","3099.5"
"know","29"
"knowin","2223"
"knowledg","1305.5"
"known","792.5"
"ko","4253.5"
"kom","4253.5"
"komm","2299.5"
"kommen","4755.5"
"kommer","4596.5"
"kommt","2947.5"
"kopf","3835"
"ku","4899"
"kuin","4050"
"kuinka","4899"
"kun","3451.5"
"kvar","4596.5"
"l","820"
"la","71"
"lá","4596.5"
"là","1633"
"laat","4899"
"label","3099.5"
"labio","2020"
"lace","2299.5"
"lack","1957"
"ladder","2083"
"ladi","505"
"lado","1895.5"
"lágrima","4050"
"lai","4755.5"
"laid","1434.5"
"lair","3634.5"
"laiss","3634.5"
"lake","3451.5"
"lala","3451.5"
"lalala","2555.5"
"lamb","2668"
"lame","2083"
"lamor","4426.5"
"lamour","1590"
"lamp","1957"
"land","540"
"landscap","4596.5"
"lane","2555.5"
"lang","3451.5"
"languag","2466.5"
"lap","3835"
"larg","3274"
"larm","4253.5"
"las","453.5"
"lass","2808"
"last","255"
"late","420.5"
"later","1142"
"latest","3451.5"
"laugh","505"
"laughter","1783"
"law","1177.5"
"lawn","3274"
"lay","405.5"
"layin","2380"
"lazi","1324.5"
"le","231.5"
"lead","418"
"leader","913.5"
"leaf","3634.5"
"leak","4755.5"
"lean","1285.5"
"leap","3451.5"
"learn","408"
"least","1191"
"leather","3274"
"leau","3634.5"
"leav","172"
"leavin","1895.5"
"leben","2555.5"
"led","1895.5"
"lee","1590"
"leer","4253.5"
"left","214"
"leg","1725"
"legal","3634.5"
"legend","3099.5"
"legion","3634.5"
"lei","4899"
"lejo","3274"
"lend","4050"
"lento","3451.5"
"les","245.5"
"less","1054.5"
"lesson","1503.5"
"let","55"
"letra","4596.5"
"letter","1211"
"letzt","4253.5"
"leur","1957"
"leva","4899"
"leve","2808"
"level","1957"
"ley","4426.5"
"lhe","4755.5"
"li","4426.5"
"liar","1677.5"
"liber","4426.5"
"libertad","4050"
"liberti","4050"
"libr","3274"
"licht","4899"
"lick","1503.5"
"lie","199.5"
"lieb","3274"
"liegt","4596.5"
"life","79"
"lifeless","2380"
"lifetim","2947.5"
"lift","1008.5"
"light","160"
"lightn","1895.5"
"like","34"
"lil","1160.5"
"lili","4596.5"
"limb","2947.5"
"limit","1590"
"linda","2223"
"lindo","4253.5"
"line","382"
"linger","1957"
"link","3835"
"lion","2380"
"lip","577"
"lipstick","4596.5"
"liquid","4253.5"
"liquor","2223"
"lisa","3451.5"
"list","2808"
"listen","293"
"lit","1503.5"
"littl","131"
"liv","4755.5"
"live","122"
"livet","4596.5"
"livin","622"
"ll","2555.5"
"llama","3274"
"llanto","3451.5"
"llega","2020"
"llegar","2668"
"llego","3274"
"llena","3274"
"lleva","2947.5"
"llevar","3099.5"
"llevo","3451.5"
"llora","4050"
"llorando","3099.5"
"llorar","1725"
"lluvia","2808"
"lo","236"
"load","1468"
"loca","3274"
"local","3634.5"
"lock","647.5"
"loco","2808"
"locura","3099.5"
"logic","3835"
"loin","2223"
"lon","1547"
"london","2947.5"
"lone","427.5"
"loneli","2150"
"lonesom","2020"
"long","137"
"longer","622"
"lontano","4899"
"look","95.5"
"lookin","1044"
"loos","1305.5"
"lord","221"
"los","384.5"
"lose","344"
"loser","1895.5"
"losin","1633"
"loss","2223"
"lost","270.5"
"lot","467"
"lotta","2668"
"lou","1633"
"loud","913.5"
"louder","2299.5"
"love","26"
"lover","490"
"lovin","829"
"low","533"
"lower","2808"
"lua","4755.5"
"luce","4253.5"
"luci","4596.5"
"lucif","4253.5"
"luck","1032.5"
"lucki","1503.5"
"luego","4426.5"
"lugar","1590"
"lui","1032.5"
"lullabi","3099.5"
"lumièr","3634.5"
"luna","3274"
"lunch","3634.5"
"lune","3835"
"lung","2466.5"
"lurk","2555.5"
"lust","2223"
"luz","1783"
"lyin","2083"
"lyric","647.5"
"m","498.5"
"ma","401"
"mä","4426.5"
"maar","4899"
"mach","2299.5"
"machen","4426.5"
"machin","792.5"
"macht","3274"
"mad","573"
"made","237"
"madr","2947.5"
"madrugada","4596.5"
"mag","3099.5"
"magazin","2150"
"magia","4596.5"
"magic","768.5"
"mai","494"
"maid","4596.5"
"maiden","4253.5"
"mail","2555.5"
"maim","3274"
"main","969.5"
"mainten","4050"
"majesti","2555.5"
"major","2083"
"make","62"
"maker","3099.5"
"makeup","4596.5"
"makin","927"
"mal","876.5"
"mala","3634.5"
"male","2947.5"
"mall","4050"
"malo","4426.5"
"mama","544.5"
"mami","2299.5"
"mamma","3634.5"
"man","97"
"manag","3451.5"
"mañana","2947.5"
"manchmal","4899"
"manera","2947.5"
"mani","314"
"manipul","3835"
"mankind","3451.5"
"mann","3451.5"
"mano","1260"
"mão","4899"
"map","3634.5"
"mar","1633"
"march","1677.5"
"mare","4596.5"
"mari","1121"
"maria","2150"
"mark","1368.5"
"market","3099.5"
"marri","1633"
"martyr","3634.5"
"mas","470"
"más","487.5"
"mash","4253.5"
"mask","2299.5"
"masquerad","3274"
"mass","2555.5"
"master","1054.5"
"mata","4050"
"matar","3274"
"match","1957"
"mate","3274"
"materi","4253.5"
"matin","2466.5"
"matter","408"
"may","367"
"mayb","344"
"maze","3835"
"mc","1345"
"me","8"
"meadow","4426.5"
"meal","3274"
"mean","262"
"meaningless","4755.5"
"meant","724"
"measur","3274"
"meat","2083"
"med","4253.5"
"media","2808"
"medic","2299.5"
"medicin","2947.5"
"medio","3634.5"
"medo","4596.5"
"meer","4899"
"meet","544.5"
"meg","4596.5"
"mehr","1008.5"
"mein","842.5"
"meinem","1468"
"meinen","3274"
"meiner","2808"
"mejor","1368.5"
"mek","2808"
"melhor","4596.5"
"mellow","3451.5"
"melodi","1434.5"
"melt","2150"
"même","1099.5"
"memori","617.5"
"memoria","4426.5"
"memphi","3634.5"
"men","498.5"
"mend","3634.5"
"meno","3835"
"menschen","4426.5"
"ment","2299.5"
"mental","1503.5"
"mention","2223"
"mentira","2808"
"mentr","4899"
"mer","2947.5"
"merci","1233.5"
"mere","4596.5"
"merri","1099.5"
"mes","927"
"mesmo","4899"
"mess","634.5"
"messag","1020"
"messiah","4426.5"
"messin","3099.5"
"met","629"
"metal","1957"
"method","4426.5"
"meu","1398"
"meus","4596.5"
"mexico","4253.5"
"mi","149"
"mí","1260"
"mia","3835"
"mía","3099.5"
"mic","842.5"
"mich","556.5"
"michael","1260"
"microphon","2020"
"middl","1345"
"midnight","1260"
"mie","4755.5"
"miedo","2668"
"miei","4899"
"mientra","3099.5"
"mieux","3634.5"
"mig","2299.5"
"might","291"
"mighti","1503.5"
"mij","4899"
"mijn","4899"
"mike","2947.5"
"mil","1957"
"mile","784"
"milk","3099.5"
"mill","2466.5"
"million","996.5"
"mim","2555.5"
"min","2668"
"mina","4253.5"
"minä","4899"
"mind","133"
"mine","276.5"
"minha","2380"
"minor","4050"
"minut","792.5"
"minuto","2947.5"
"mio","2299.5"
"mío","4596.5"
"mir","784"
"mira","3274"
"miracl","2020"
"mirada","2380"
"mirando","3451.5"
"mirar","2808"
"mire","4253.5"
"miro","3835"
"mirror","1633"
"mis","799"
"miser","2947.5"
"miseri","1468"
"misma","4426.5"
"mismo","2223"
"miss","393.5"
"missin","3451.5"
"mission","1840"
"mississippi","3634.5"
"mist","2020"
"mistak","1084.5"
"mistaken","4755.5"
"mister","2223"
"misti","3835"
"misunderstood","4253.5"
"mit","811"
"mitä","4899"
"mitt","3634.5"
"mix","1547"
"mm","4596.5"
"mmm","1434.5"
"mmmm","4050"
"mnie","4899"
"mo","2083"
"moan","1677.5"
"mock","4253.5"
"model","2223"
"modern","1895.5"
"modo","4596.5"
"moi","704.5"
"moin","2668"
"mold","4596.5"
"molli","2466.5"
"mom","1468"
"moment","582.5"
"momento","2223"
"momma","1677.5"
"mommi","3451.5"
"mon","629"
"mond","2380"
"monday","1160.5"
"mondo","4899"
"money","331"
"monkey","2150"
"monster","2223"
"mont","3451.5"
"month","1957"
"mood","2668"
"moon","525"
"moonlight","2466.5"
"moral","3835"
"more","92"
"morena","4755.5"
"morgen","4596.5"
"morir","1895.5"
"morn","354"
"mornin","2299.5"
"mort","3099.5"
"mortal","2668"
"most","683"
"mot","1633"
"mother","638.5"
"motherfuck","750"
"motherfuckin","1468"
"motion","2380"
"motiv","2380"
"motivo","4755.5"
"motor","4596.5"
"mountain","937.5"
"mourn","3451.5"
"mous","4050"
"mouth","683"
"move","210"
"movement","2466.5"
"movi","1233.5"
"movin","1211"
"mr","842.5"
"mua","4426.5"
"much","208"
"mucha","3274"
"mucho","1069"
"mud","2668"
"muer","3835"
"muero","3451.5"
"muert","4050"
"muerto","4050"
"muev","4899"
"muito","2808"
"mujer","1468"
"mulher","3451.5"
"mun","4899"
"mundo","1044"
"murder","864.5"
"muscl","3274"
"music","286"
"musica","4253.5"
"música","4755.5"
"musiqu","3634.5"
"muss","4253.5"
"must","231.5"
"mut","4426.5"
"mutil","3274"
"mutta","4899"
"muy","1191"
"my","10"
"myself","247"
"mysteri","1783"
"mystic","3835"
"n","820"
"na","283.5"
"naar","4899"
"nach","1260"
"nacht","3835"
"nada","683"
"nadi","1285.5"
"nah","540"
"nai","2668"
"nail","2808"
"naiv","3451.5"
"nake","1345"
"name","253"
"nana","4253.5"
"nao","3835"
"não","1160.5"
"når","4899"
"när","4253.5"
"narrow","2808"
"nas","4050"
"nasti","1783"
"nation","1160.5"
"natur","829"
"naughti","4253.5"
"ne","525"
"near","737"
"neat","4253.5"
"necesito","2947.5"
"neck","1468"
"need","90"
"needl","1434.5"
"negat","3634.5"
"negra","2808"
"negro","2150"
"nei","4755.5"
"neighbor","2947.5"
"neighborhood","3099.5"
"nein","1957"
"neither","2947.5"
"nel","4899"
"nella","4899"
"nem","4050"
"nen","2808"
"nena","1895.5"
"neon","1160.5"
"ner","3634.5"
"nerv","2947.5"
"nervous","2668"
"ness","4899"
"nessuno","4596.5"
"nest","1783"
"net","4596.5"
"neue","3634.5"
"never","59"
"new","194.5"
"news","842.5"
"next","477"
"ni","903.5"
"nice","784"
"nicht","515"
"nickel","3099.5"
"nie","2380"
"niemal","3634.5"
"niemand","3274"
"nient","4050"
"niet","4755.5"
"nigga","186"
"niggaz","418"
"night","89"
"nightmar","2299.5"
"niin","2555.5"
"niña","2808"
"nine","1032.5"
"ninguém","4050"
"niño","4253.5"
"no","25"
"nobodi","356"
"noch","638.5"
"noel","4426.5"
"nog","4755.5"
"noi","4755.5"
"noir","2808"
"nois","1398"
"noit","3835"
"nom","3634.5"
"nombr","2947.5"
"nome","4596.5"
"non","1345"
"none","1260"
"nooit","4899"
"noon","2150"
"noos","4253.5"
"nor","2020"
"normal","2555.5"
"north","1957"
"northern","3451.5"
"nos","737"
"nós","4253.5"
"nose","2020"
"nosotro","3274"
"nossa","4596.5"
"nosso","4596.5"
"not","9"
"note","1725"
"noth","152"
"nothin","611.5"
"notic","2020"
"notion","3451.5"
"notr","2808"
"nott","4899"
"nous","903.5"
"now","42"
"nowher","969.5"
"nu","2380"
"nube","3835"
"nuclear","3451.5"
"nuestra","2466.5"
"nuestro","1468"
"nueva","3835"
"nuevo","1957"
"nuh","1398"
"nuit","2299.5"
"num","4253.5"
"numb","1398"
"number","829"
"nun","1783"
"nunca","598"
"nur","1142"
"nurs","4596.5"
"nut","2466.5"
"ny","2020"
"nyt","4050"
"o","316"
"ô","4596.5"
"ob","2808"
"obey","2020"
"object","2466.5"
"oblivion","3451.5"
"obscen","4596.5"
"obscur","3634.5"
"observ","4596.5"
"obsess","2466.5"
"obvious","2299.5"
"occhi","4755.5"
"ocean","969.5"
"och","1895.5"
"oclock","2223"
"od","4899"
"odd","3451.5"
"oder","2555.5"
"odio","4899"
"oer","3099.5"
"of","13"
"off","171"
"offer","1633"
"offic","2668"
"oft","4755.5"
"often","1590"
"og","3274"
"ogni","3634.5"
"oh","43"
"ohh","582.5"
"ohhh","2223"
"ohhhh","4253.5"
"ohn","4253.5"
"ohoh","2223"
"oi","1285.5"
"oil","2466.5"
"ojo","903.5"
"ok","1233.5"
"okay","784"
"ol","2223"
"old","222"
"older","1895.5"
"ole","2947.5"
"olen","4899"
"olhar","4899"
"olho","4596.5"
"oli","4253.5"
"olla","4755.5"
"olvid","4755.5"
"olvida","4755.5"
"olvidar","2020"
"olvidart","3451.5"
"olvido","2555.5"
"om","2466.5"
"on","18"
"onc","344"
"ond","4050"
"one","48"
"onli","105"
"ont","3099.5"
"onto","2808"
"oo","1677.5"
"ooh","262"
"oon","4755.5"
"ooo","1398"
"oooh","2668"
"oooo","4755.5"
"ooooh","2808"
"op","4755.5"
"open","374.5"
"oper","1895.5"
"opinion","3634.5"
"opportun","4253.5"
"opposit","3451.5"
"oppress","2555.5"
"or","100"
"ora","4596.5"
"orang","4253.5"
"order","1895.5"
"ordinari","1054.5"
"organ","3451.5"
"origin","1590"
"orlean","2808"
"ormai","4899"
"os","2668"
"oscuridad","4050"
"oss","4596.5"
"other","250"
"otra","1099.5"
"otro","1468"
"ou","1020"
"où","1677.5"
"ought","2380"
"oughta","3274"
"oui","3274"
"our","108"
"ourselv","1677.5"
"out","57"
"outer","4253.5"
"outra","4755.5"
"outro","3099.5"
"outsid","799"
"outta","958.5"
"over","145"
"overcom","1783"
"overflow","4596.5"
"overwhelm","4050"
"ow","2299.5"
"owe","3451.5"
"own","259.5"
"oye","3835"
"p","1957"
"pa","1177.5"
"på","3099.5"
"pace","1957"
"pack","1032.5"
"padr","3274"
"page","1398"
"paid","1368.5"
"pain","283.5"
"paint","1160.5"
"pair","2947.5"
"pal","3634.5"
"palabra","1434.5"
"palac","4596.5"
"pale","2380"
"palm","2380"
"pan","3634.5"
"pane","4050"
"panic","2947.5"
"pant","1434.5"
"papa","1895.5"
"papel","3099.5"
"paper","958.5"
"par","1177.5"
"para","380.5"
"parad","1398"
"paradis","1305.5"
"paralyz","4596.5"
"paranoia","4253.5"
"parar","2083"
"parasit","4596.5"
"parc","3835"
"pardon","3099.5"
"pare","3451.5"
"parec","2299.5"
"parent","2555.5"
"pari","3451.5"
"park","1368.5"
"parl","4596.5"
"parol","4253.5"
"part","405.5"
"parti","295"
"partir","3835"
"partner","3835"
"pas","303.5"
"pasa","2150"
"pasado","3451.5"
"pasar","2466.5"
"pasion","4426.5"
"pasión","2466.5"
"paso","2380"
"pass","440"
"passa","4755.5"
"passag","4755.5"
"passé","2947.5"
"passer","4050"
"passion","876.5"
"passo","4899"
"past","556.5"
"path","983.5"
"pathet","4050"
"patienc","1590"
"patient","3451.5"
"pattern","2808"
"paul","2555.5"
"paura","4899"
"paus","1211"
"pave","3835"
"pavement","3274"
"pawn","3634.5"
"pay","533"
"paz","3451.5"
"pe","4426.5"
"peac","598"
"peak","3634.5"
"pearl","3274"
"peau","2668"
"pecho","3835"
"pedir","4755.5"
"peel","2466.5"
"peep","2150"
"pein","2555.5"
"pela","4755.5"
"pelo","3274"
"pen","1895.5"
"pena","2808"
"penetr","4050"
"penni","3099.5"
"pens","2668"
"pensamiento","4755.5"
"pensando","2466.5"
"pensar","2668"
"penso","4755.5"
"peopl","226"
"per","3099.5"
"perch","3835"
"perché","4426.5"
"perchè","4253.5"
"perd","3099.5"
"perder","2668"
"perdida","4253.5"
"perdido","3835"
"perdu","3835"
"perfect","611.5"
"perform","2808"
"perfum","3099.5"
"perhap","4253.5"
"perman","3451.5"
"pero","656.5"
"perro","4426.5"
"person","948.5"
"personn","2947.5"
"pet","2466.5"
"peter","1895.5"
"petit","829"
"peu","1368.5"
"peur","2808"
"peut","1677.5"
"peux","2150"
"phantom","2555.5"
"phase","4755.5"
"phone","750"
"photo","2299.5"
"photograph","4253.5"
"phrase","4253.5"
"physic","2947.5"
"pi","2808"
"piano","2555.5"
"pick","505"
"pictur","744"
"pide","4426.5"
"pido","2555.5"
"pie","1121"
"piec","664.5"
"piedra","4755.5"
"piel","1783"
"piensa","4253.5"
"pienso","1840"
"pierc","2947.5"
"pierdo","3099.5"
"pig","2555.5"
"pile","3099.5"
"pill","2299.5"
"pillow","2668"
"pimp","2380"
"pin","2555.5"
"pine","4050"
"pink","2668"
"pipe","2555.5"
"piss","1957"
"pistol","2299.5"
"pit","3835"
"pitch","3274"
"piti","2380"
"piu","4899"
"più","4050"
"place","192"
"placer","2668"
"plagu","2299.5"
"plain","1677.5"
"plan","519.5"
"plane","2555.5"
"planet","1468"
"plant","2808"
"plastic","4050"
"plate","2466.5"
"play","209"
"playa","2299.5"
"player","2808"
"playin","1285.5"
"plea","4253.5"
"plead","2299.5"
"pleas","233"
"pleasur","1285.5"
"pledg","2947.5"
"plein","2555.5"
"plenti","1783"
"pleur","4426.5"
"plot","2947.5"
"plug","3099.5"
"pluie","4050"
"plus","424"
"po","2380"
"pobr","4426.5"
"pocket","1305.5"
"poco","1840"
"pode","4050"
"poder","1725"
"poet","3274"
"poetri","3451.5"
"poi","4253.5"
"point","582.5"
"poison","1633"
"pole","3099.5"
"polic","937.5"
"polit","1633"
"politician","2808"
"pollut","3835"
"pon","2555.5"
"pone","4426.5"
"poni","3099.5"
"pool","2808"
"poor","1020"
"pop","647.5"
"por","268"
"porch","4050"
"porqu","737"
"port","3099.5"
"porta","4050"
"pose","2466.5"
"posit","1895.5"
"possess","2668"
"possibl","1895.5"
"posso","3451.5"
"post","2555.5"
"pot","2466.5"
"pouco","4596.5"
"pound","1054.5"
"pour","387.5"
"pourquoi","2223"
"pourtant","3634.5"
"powder","3274"
"power","611.5"
"pra","1840"
"practic","2947.5"
"prais","927"
"pray","737"
"prayer","1099.5"
"preach","2808"
"preacher","2083"
"precious","1233.5"
"preciso","4426.5"
"predict","3451.5"
"prefer","3835"
"premier","3099.5"
"prend","4050"
"prendr","4755.5"
"prepar","1547"
"près","4253.5"
"presenc","2380"
"present","2083"
"presid","2150"
"press","1783"
"pressur","1633"
"pretend","775"
"pretti","544.5"
"prevail","4596.5"
"prey","3835"
"price","1069"
"pride","811"
"priest","3634.5"
"prima","4596.5"
"primavera","4253.5"
"prime","4426.5"
"primera","4050"
"princ","2380"
"princess","2299.5"
"print","3274"
"prison","1468"
"privat","2466.5"
"prize","2020"
"pro","3634.5"
"probabl","1305.5"
"problem","820"
"problema","4426.5"
"process","3451.5"
"proclaim","3274"
"produc","2808"
"product","2380"
"profit","3099.5"
"program","1895.5"
"progress","2555.5"
"project","2150"
"promis","458"
"pronto","2668"
"proof","2020"
"proper","4253.5"
"propheci","3835"
"prophet","3274"
"protect","1503.5"
"proud","1121"
"prove","1233.5"
"provid","3451.5"
"psycho","4755.5"
"pu","4050"
"public","2223"
"pude","3634.5"
"pudiera","4426.5"
"pue","1957"
"pueblo","3634.5"
"pued","1895.5"
"pueda","2299.5"
"pueden","3835"
"puedo","1260"
"puerta","2808"
"pui","3099.5"
"pull","535.5"
"puls","3274"
"pum","4899"
"pump","2083"
"punch","2555.5"
"punish","3835"
"punk","1633"
"punto","4596.5"
"può","4899"
"puoi","4899"
"puppet","3835"
"pure","842.5"
"puro","4253.5"
"purpl","3099.5"
"purpos","2223"
"push","519.5"
"pushin","3835"
"pussi","1633"
"put","189"
"puttin","3451.5"
"puzzl","2466.5"
"q","4596.5"
"qu","2555.5"
"qua","4596.5"
"qual","4899"
"qualquer","4426.5"
"quand","1260"
"quando","2223"
"quanto","4596.5"
"quarter","2380"
"que","54"
"qué","1677.5"
"qued","4050"
"queda","1725"
"quedan","3099.5"
"quedo","4755.5"
"queen","629"
"quel","4426.5"
"quell","2947.5"
"quella","4899"
"quello","3634.5"
"quelqu","2808"
"quem","3451.5"
"quer","4596.5"
"querer","1840"
"querert","4050"
"queria","4755.5"
"quero","1840"
"quest","2808"
"questa","4755.5"
"question","691.5"
"questo","1895.5"
"qui","387.5"
"quick","983.5"
"quien","2150"
"quién","4253.5"
"quier","890.5"
"quiera","1783"
"quieren","4253.5"
"quiero","243"
"quiet","1368.5"
"quil","1069"
"quis","3634.5"
"quisiera","2299.5"
"quit","811"
"quizá","4899"
"quoi","2223"
"quon","855.5"
"quun","3099.5"
"r","1503.5"
"ra","4755.5"
"rabbit","4755.5"
"race","958.5"
"radiat","4253.5"
"radio","724"
"rag","2808"
"rage","1260"
"rail","4253.5"
"railroad","4426.5"
"rain","258"
"rainbow","1044"
"raindrop","3835"
"raini","3835"
"rais","556.5"
"raison","4050"
"ran","1084.5"
"rang","2808"
"rap","535.5"
"rape","1957"
"rapper","1233.5"
"rare","3451.5"
"rat","1324.5"
"rate","3099.5"
"rather","691.5"
"rattl","3835"
"raus","4050"
"rave","2668"
"raven","4426.5"
"raw","2150"
"ray","1503.5"
"razon","3274"
"razón","3274"
"razor","2808"
"re","829"
"reach","453.5"
"reaction","3835"
"read","763"
"readi","361.5"
"real","275"
"realidad","3274"
"realis","4050"
"realiti","1468"
"realiz","1191"
"realli","228.5"
"realm","3451.5"
"reap","3099.5"
"rearrang","2150"
"reason","352.5"
"rebel","1324.5"
"reborn","2150"
"recal","2020"
"receiv","1895.5"
"reckless","4596.5"
"recogn","2466.5"
"record","864.5"
"recordar","4426.5"
"recuerdo","2380"
"red","490"
"redeem","4253.5"
"redempt","3634.5"
"reel","2380"
"ref","4426.5"
"reflect","1590"
"refrain","996.5"
"refus","1099.5"
"regard","2380"
"regga","1840"
"regret","1368.5"
"reign","1957"
"rein","2947.5"
"reject","2555.5"
"rejoic","4050"
"relat","1503.5"
"relax","1633"
"releas","1840"
"reli","3099.5"
"relief","3099.5"
"reliev","4253.5"
"religion","2555.5"
"remain","958.5"
"remedi","3835"
"rememb","266.5"
"remind","1345"
"remors","4596.5"
"remov","3274"
"rendezv","2299.5"
"rent","2668"
"repeat","716"
"repent","3274"
"replac","2668"
"repli","2808"
"repres","2947.5"
"reput","2808"
"request","3835"
"rescu","2808"
"resist","1503.5"
"respect","1211"
"respirar","4253.5"
"respons","2555.5"
"rest","505"
"restless","2808"
"resto","4426.5"
"restor","4253.5"
"resurrect","3099.5"
"retir","3634.5"
"retreat","3099.5"
"return","799"
"rêve","3099.5"
"reveal","2380"
"revel","3099.5"
"reveng","2668"
"revers","3099.5"
"rêves","3634.5"
"reviv","4426.5"
"revolut","876.5"
"revolv","2668"
"reward","4426.5"
"rewind","3099.5"
"rey","4596.5"
"rhyme","582.5"
"rhythm","927"
"ribbon","4253.5"
"rich","1191"
"richard","4426.5"
"rid","2947.5"
"ride","324"
"rider","2380"
"ridin","2150"
"rien","1160.5"
"right","86"
"righteous","2020"
"ring","704.5"
"rio","3451.5"
"río","4050"
"riot","3634.5"
"rip","919"
"risa","4426.5"
"rise","568.5"
"risk","3451.5"
"ritmo","4426.5"
"ritual","2555.5"
"river","562"
"road","306"
"roam","1957"
"roar","2668"
"rob","2150"
"robe","2947.5"
"robin","4596.5"
"robot","2150"
"rock","194.5"
"rocket","3274"
"rocki","3634.5"
"rockin","1434.5"
"rocknrol","4899"
"rode","4426.5"
"role","2668"
"roll","289"
"roller","1725"
"rollin","983.5"
"romanc","1783"
"romant","3634.5"
"rome","3451.5"
"romeo","2947.5"
"roof","3099.5"
"room","562"
"root","2380"
"rope","1957"
"rosa","3451.5"
"rose","829"
"rosi","4253.5"
"rot","1957"
"rotten","2380"
"rough","1305.5"
"round","312.5"
"rout","3274"
"routin","3274"
"row","4050"
"rua","4755.5"
"rub","2668"
"rubber","3451.5"
"rubi","3634.5"
"rude","2380"
"rue","3835"
"rug","2299.5"
"ruido","4755.5"
"ruin","1840"
"rule","704.5"
"rum","2150"
"rumbl","4050"
"rumor","3835"
"run","156"
"runaway","3835"
"runnin","656.5"
"rush","1345"
"rust","2947.5"
"s","365"
"sa","1121"
"så","2150"
"sä","4755.5"
"saa","4426.5"
"sabe","1260"
"saben","4899"
"saber","1260"
"sabor","4050"
"sack","2083"
"sacr","2083"
"sacrific","1677.5"
"sad","711.5"
"saddl","3835"
"safe","842.5"
"safeti","3835"
"sag","2020"
"sagen","3835"
"sagt","3451.5"
"sai","2083"
"said","111"
"sail","724"
"sailor","2555.5"
"saint","2808"
"sait","3634.5"
"sake","1503.5"
"sal","4253.5"
"sale","1633"
"salir","3835"
"salli","1468"
"salt","2808"
"salvat","1677.5"
"sam","3634.5"
"samba","1957"
"same","199.5"
"san","683"
"sanctuari","3835"
"sand","996.5"
"sane","4050"
"sang","1957"
"sangr","3835"
"sangu","4755.5"
"saniti","4426.5"
"santa","3835"
"santo","3835"
"são","4596.5"
"sarà","4899"
"sat","1840"
"satan","2466.5"
"satellit","1677.5"
"satisfact","4050"
"satisfi","1547"
"saturday","568.5"
"saudad","4596.5"
"savag","2947.5"
"save","273"
"savior","1233.5"
"saviour","3835"
"savoir","2555.5"
"saw","392"
"say","58"
"sayin","1084.5"
"scale","3634.5"
"scar","1590"
"scare","683"
"scari","3835"
"scarlet","4050"
"scatter","2668"
"scene","1305.5"
"scent","3274"
"scheme","2083"
"schon","2150"
"schön","3451.5"
"school","784"
"schwer","4426.5"
"scienc","2808"
"score","1260"
"scorn","2380"
"scrape","4050"
"scratch","1677.5"
"scream","598"
"screamin","2223"
"screen","2083"
"screw","3274"
"scum","4426.5"
"se","204"
"sé","1285.5"
"sea","511.5"
"seal","1590"
"seam","4426.5"
"search","811"
"searchin","3451.5"
"season","1783"
"seat","2299.5"
"second","775"
"secret","903.5"
"secreto","4253.5"
"secur","2223"
"sed","4755.5"
"see","53"
"seed","937.5"
"seein","3274"
"seek","1069"
"seel","4050"
"seem","306"
"seen","374.5"
"seguir","2466.5"
"segundo","4755.5"
"seh","1957"
"sehen","2808"
"sehn","4253.5"
"sehr","4596.5"
"sei","2223"
"sein","1895.5"
"seit","3835"
"seiz","3634.5"
"selbst","3835"
"self","1398"
"selfish","2555.5"
"sell","1069"
"sem","1957"
"sempr","3451.5"
"sen","1725"
"send","582.5"
"señor","4050"
"sens","673"
"sensat","1468"
"senseless","3634.5"
"sent","876.5"
"sentenc","3451.5"
"senti","4755.5"
"sentido","4596.5"
"sentiment","3099.5"
"sentimiento","4253.5"
"sentir","2083"
"sento","4253.5"
"senza","4755.5"
"separ","2299.5"
"septemb","4253.5"
"ser","611.5"
"sera","1957"
"será","2380"
"sere","2947.5"
"seren","4050"
"serious","1677.5"
"serpent","3099.5"
"serv","1840"
"servant","3274"
"servic","4050"
"ses","1725"
"sest","2223"
"set","319"
"settl","1368.5"
"seu","1957"
"seul","2947.5"
"seus","4596.5"
"seven","948.5"
"seventeen","4596.5"
"seventh","2947.5"
"sever","4050"
"sew","3274"
"sex","842.5"
"sexi","829"
"sexual","4426.5"
"sha","2380"
"shade","1503.5"
"shadow","691.5"
"shake","629"
"shakin","3451.5"
"shall","638.5"
"shallow","4426.5"
"shame","1084.5"
"shape","1633"
"share","691.5"
"shark","3634.5"
"sharp","2466.5"
"shatter","2668"
"shave","3634.5"
"she","50"
"shed","2223"
"sheep","2808"
"sheet","2466.5"
"shelf","4050"
"shell","1503.5"
"shelter","2223"
"shepherd","3634.5"
"shes","4426.5"
"shi","1345"
"shield","4253.5"
"shift","2808"
"shine","308"
"shini","4755.5"
"shinin","2668"
"ship","1398"
"shirt","1895.5"
"shit","224"
"shiver","3274"
"shock","2083"
"shoe","716"
"shook","2947.5"
"shoot","855.5"
"shop","2223"
"shore","1590"
"short","2083"
"shorti","1177.5"
"shot","611.5"
"shotgun","4426.5"
"should","211"
"shoulda","2150"
"shoulder","1191"
"shout","958.5"
"shove","2668"
"show","216"
"shower","2299.5"
"shown","1957"
"shred","4596.5"
"shut","792.5"
"si","180"
"sí","4050"
"sia","4426.5"
"siamo","4755.5"
"sich","1211"
"sick","592"
"sicken","4253.5"
"side","300.5"
"sidewalk","2947.5"
"sido","3835"
"sie","876.5"
"się","4899"
"siehst","4596.5"
"siempr","983.5"
"sient","1895.5"
"siento","927"
"sig","4899"
"sigh","1590"
"sight","876.5"
"sign","529"
"signal","3634.5"
"sigo","3274"
"sigu","2808"
"sil","3274"
"silenc","775"
"silencio","4253.5"
"silent","948.5"
"silhouett","3274"
"silk","3634.5"
"silli","2668"
"silver","1305.5"
"sim","4596.5"
"simpl","876.5"
"simpli","1895.5"
"sin","326"
"sinä","4899"
"sinc","453.5"
"sincer","3451.5"
"sind","1590"
"sing","245.5"
"singer","3099.5"
"singin","2668"
"singl","996.5"
"sink","1032.5"
"sinn","4596.5"
"sinner","2150"
"sinto","4596.5"
"sip","3274"
"sir","3099.5"
"siren","3099.5"
"sister","792.5"
"sit","402.5"
"sitä","4755.5"
"sittin","1783"
"situat","1434.5"
"six","1211"
"sixteen","4253.5"
"size","2083"
"ska","2555.5"
"skate","3451.5"
"skeleton","3451.5"
"skill","2947.5"
"skin","647.5"
"skinni","4253.5"
"skip","2223"
"skirt","3451.5"
"skull","2947.5"
"sky","280"
"slam","1840"
"slap","1503.5"
"slaughter","4253.5"
"slave","1069"
"slay","3451.5"
"sleep","383"
"sleepi","3099.5"
"sleepin","2555.5"
"sleepless","4253.5"
"sleev","3099.5"
"sleigh","3099.5"
"slept","2808"
"slice","4253.5"
"slick","3451.5"
"slide","1324.5"
"slight","4755.5"
"slip","716"
"slippin","3835"
"slow","598"
"slowli","1345"
"slumber","4253.5"
"slut","4050"
"smack","2299.5"
"small","969.5"
"smart","2299.5"
"smash","1840"
"smell","1054.5"
"smile","324"
"smoke","642.5"
"smokin","2150"
"smooth","1547"
"snake","1783"
"snap","4050"
"sneak","3274"
"snow","1044"
"so","27"
"só","1324.5"
"soak","2466.5"
"soar","2947.5"
"sober","2947.5"
"sobr","2299.5"
"social","3835"
"societi","2668"
"sock","3099.5"
"soft","855.5"
"sogni","4899"
"sogno","4899"
"soi","4253.5"
"soil","2223"
"soir","2020"
"sol","2299.5"
"sola","3634.5"
"solament","3099.5"
"sold","1434.5"
"soldier","1503.5"
"sole","3835"
"soledad","2808"
"soleil","3099.5"
"solid","2808"
"solitud","3451.5"
"soll","3835"
"solo","494"
"sólo","1725"
"solut","1633"
"solv","3451.5"
"som","1305.5"
"sombra","3835"
"some","122"
"somebodi","498.5"
"someday","724"
"somehow","811"
"someon","310.5"
"someth","217.5"
"somethin","775"
"sometim","424"
"somewher","820"
"somo","3835"
"son","319"
"soñar","3099.5"
"song","212"
"sonho","4596.5"
"sonn","2947.5"
"sono","2299.5"
"sonrisa","3099.5"
"sont","1468"
"soon","505"
"sooner","4253.5"
"sooth","2808"
"sopra","4899"
"sore","3099.5"
"sorri","664.5"
"sorriso","4596.5"
"sorrow","919"
"sort","2808"
"sos","2223"
"sotto","4899"
"sou","4426.5"
"soul","225"
"sound","315"
"sour","2668"
"sourc","2668"
"sourir","4050"
"sous","2150"
"south","1547"
"southern","2466.5"
"souvenir","4050"
"sow","3634.5"
"soy","756.5"
"space","842.5"
"spanish","3274"
"spare","2299.5"
"spark","1677.5"
"sparkl","4050"
"spawn","3274"
"speak","552"
"special","969.5"
"speech","4050"
"speed","1142"
"spell","1590"
"spend","704.5"
"spent","1008.5"
"spi","3835"
"spider","4253.5"
"spill","1590"
"spin","1211"
"spine","3099.5"
"spinnin","2020"
"spiral","4596.5"
"spirit","890.5"
"spiritu","2668"
"spit","799"
"spite","2150"
"split","1895.5"
"spoil","3835"
"spoke","1633"
"spoken","1957"
"spoon","1547"
"sport","4050"
"spot","937.5"
"spotlight","4426.5"
"spray","3274"
"spread","1099.5"
"spring","2083"
"squad","2083"
"squar","2808"
"squeez","2466.5"
"st","2947.5"
"sta","3634.5"
"stab","1895.5"
"stack","2150"
"stadt","3835"
"stage","1547"
"stai","4899"
"stain","1398"
"stair","2150"
"stake","2808"
"stalk","4050"
"stall","2947.5"
"stand","186"
"standard","4253.5"
"standin","1725"
"star","361.5"
"står","4755.5"
"stare","969.5"
"starlight","4050"
"starri","3634.5"
"start","162"
"starv","2808"
"state","1177.5"
"static","4253.5"
"station","2299.5"
"statu","4596.5"
"stay","191"
"steadi","1121"
"steal","983.5"
"steam","3634.5"
"steel","1633"
"steer","3835"
"steht","4426.5"
"stell","4899"
"stench","2668"
"step","473"
"stereo","3835"
"stern","4596.5"
"steve","4596.5"
"stick","1233.5"
"stiff","4253.5"
"still","129"
"sting","2299.5"
"stink","3451.5"
"stir","2020"
"stitch","4426.5"
"sto","4596.5"
"stock","4426.5"
"stole","1468"
"stolen","3274"
"stomach","2380"
"stomp","3634.5"
"stone","617.5"
"stood","1160.5"
"stop","164"
"store","1468"
"stori","553.5"
"storm","948.5"
"stormi","4050"
"strada","4755.5"
"straight","629"
"strain","3274"
"strand","2150"
"strang","876.5"
"stranger","903.5"
"strap","2020"
"stray","3099.5"
"stream","2223"
"street","257"
"strength","876.5"
"stress","1398"
"stretch","2947.5"
"stride","4426.5"
"strife","4596.5"
"strike","1233.5"
"string","1468"
"strip","2083"
"strive","2808"
"stroke","2668"
"stroll","3099.5"
"strong","440"
"stronger","1468"
"struck","3099.5"
"structur","4050"
"struggl","1677.5"
"strung","4253.5"
"stuck","1160.5"
"studi","3451.5"
"stuff","1783"
"stumbl","2299.5"
"stupid","1434.5"
"style","673"
"su","864.5"
"sua","2668"
"suav","4755.5"
"subject","3835"
"sublim","4426.5"
"submit","4596.5"
"succeed","3835"
"success","2299.5"
"such","573"
"suck","1020"
"sucker","1840"
"sudden","1547"
"sue","4755.5"
"suelo","4050"
"sueño","1285.5"
"suert","4426.5"
"suffer","1008.5"
"suffoc","1725"
"sufrir","3634.5"
"sugar","1783"
"sui","1345"
"suicid","983.5"
"suit","1434.5"
"suitcas","3634.5"
"sul","4755.5"
"sull","4899"
"sulla","4899"
"sum","4050"
"summer","656.5"
"summertim","4596.5"
"summon","4596.5"
"sun","248"
"sunday","792.5"
"sung","2083"
"sunlight","2083"
"sunni","2150"
"sunris","3451.5"
"sunset","2808"
"sunshin","2150"
"suo","4899"
"super","1783"
"superman","1324.5"
"superstar","2299.5"
"suppli","4426.5"
"support","2947.5"
"suppos","876.5"
"suprem","2380"
"sur","737"
"sure","347"
"surf","4596.5"
"surfac","2299.5"
"surpris","1503.5"
"surrend","1957"
"surround","1191"
"surviv","820"
"sus","1895.5"
"sve","4899"
"swallow","1633"
"sway","2380"
"swear","903.5"
"sweat","1590"
"sweep","2947.5"
"sweet","334"
"sweeter","4050"
"sweetest","2668"
"sweetheart","3634.5"
"swell","2668"
"swept","3451.5"
"swift","3634.5"
"swim","1398"
"swing","1305.5"
"swirl","3274"
"switch","2083"
"sword","1725"
"swore","2947.5"
"symbol","4596.5"
"sympathi","2083"
"symphoni","4426.5"
"system","1783"
"t","485.5"
"ta","811"
"tá","4899"
"taa","4899"
"tabl","1398"
"tag","2223"
"tai","4253.5"
"tail","3634.5"
"taim","2668"
"taint","3835"
"tak","4899"
"take","67"
"taken","784"
"takin","1142"
"tal","2380"
"tale","1895.5"
"talk","186"
"talkin","704.5"
"tall","1547"
"também","4596.5"
"tambien","2668"
"también","2668"
"tame","2808"
"tan","1121"
"tangl","3099.5"
"tango","2808"
"tank","2668"
"tant","3274"
"tanta","1840"
"tanto","550.5"
"tão","4596.5"
"tap","2668"
"tape","2020"
"tar","3835"
"tard","1503.5"
"target","2555.5"
"tas","3835"
"tast","611.5"
"tattoo","2947.5"
"taught","1260"
"tax","3451.5"
"taxi","4596.5"
"te","126"
"tea","2668"
"teach","1677.5"
"teacher","1725"
"team","1503.5"
"tear","327.5"
"teardrop","2808"
"teas","3099.5"
"teen","4426.5"
"teenag","2083"
"teeth","1725"
"telephon","1957"
"televis","2808"
"tell","80"
"tellement","4426.5"
"tellin","1434.5"
"tem","3634.5"
"temp","1398"
"temperatur","4426.5"
"templ","2223"
"tempo","2150"
"tempt","2947.5"
"temptat","3274"
"ten","724"
"tend","4253.5"
"tender","1725"
"tenemo","3835"
"tener","2555.5"
"tenert","3451.5"
"tenga","3835"
"tengo","763"
"tenho","4755.5"
"tennesse","2668"
"tension","4050"
"ter","4426.5"
"term","2555.5"
"termin","4050"
"terr","2380"
"terra","4426.5"
"terribl","3099.5"
"terrifi","4253.5"
"terror","2466.5"
"tes","1345"
"test","1260"
"tête","2947.5"
"teu","3835"
"texa","2466.5"
"tha","1633"
"than","173"
"thang","1677.5"
"thank","691.5"
"that","14"
"the","2"
"thee","1434.5"
"their","250"
"them","132"
"themselv","2223"
"then","119"
"there","47"
"there’","3835"
"these","170"
"they","45"
"thi","1434.5"
"thick","2668"
"thief","3451.5"
"thiev","4596.5"
"thigh","3634.5"
"thin","2380"
"thing","84"
"think","107"
"thinkin","855.5"
"third","2299.5"
"thirst","2380"
"thirsti","2668"
"thirti","3634.5"
"this","30"
"thorn","2466.5"
"those","331"
"thou","2083"
"though","356"
"thought","228.5"
"thousand","958.5"
"thread","2555.5"
"threat","2947.5"
"threaten","3634.5"
"three","588.5"
"threw","2020"
"thrill","1503.5"
"throat","1633"
"throne","2380"
"through","98"
"throughout","3634.5"
"throw","568.5"
"thrown","2083"
"thru","1895.5"
"thug","1503.5"
"thumb","4050"
"thunder","1503.5"
"ti","436.5"
"tí","1957"
"tick","3274"
"ticket","1957"
"tide","1434.5"
"tie","1044"
"tief","4755.5"
"tiempo","744"
"tien","1099.5"
"tienen","4426.5"
"tierra","2466.5"
"tiger","3634.5"
"tight","683"
"til","525"
"till","361.5"
"time","51"
"timeless","4253.5"
"tin","3451.5"
"tini","2668"
"tip","1211"
"tire","683"
"to","4"
"tô","4426.5"
"toast","2668"
"toca","4755.5"
"tocar","3274"
"tod","4596.5"
"toda","1590"
"today","351"
"todo","450.5"
"toe","1547"
"togeth","259.5"
"toi","969.5"
"told","348"
"toll","2808"
"tom","1503.5"
"toma","3835"
"tomb","3274"
"tomorrow","458"
"ton","1099.5"
"tone","3274"
"tongu","937.5"
"toni","3099.5"
"tonight","203"
"too","139.5"
"took","336"
"tool","2668"
"tooth","3099.5"
"top","378.5"
"torch","4050"
"tore","3835"
"torment","2947.5"
"torn","1840"
"tortur","2466.5"
"toss","2299.5"
"tot","4426.5"
"total","1547"
"touch","309"
"tough","1260"
"toujour","1677.5"
"tour","2299.5"
"tous","1368.5"
"tout","473"
"toward","1725"
"tower","1590"
"town","341"
"toy","1895.5"
"tra","4596.5"
"trace","1725"
"track","842.5"
"trade","1054.5"
"tradit","3274"
"traffic","2808"
"tragedi","3274"
"tragic","4050"
"trail","3634.5"
"train","724"
"tranc","3835"
"transform","4596.5"
"translat","3634.5"
"trap","1503.5"
"tras","4426.5"
"trash","2223"
"traum","4596.5"
"travel","1305.5"
"tread","3634.5"
"treasur","2808"
"treat","842.5"
"tree","704.5"
"trembl","1783"
"trend","3634.5"
"tres","2947.5"
"très","3274"
"tri","113"
"trial","4050"
"tribe","3634.5"
"trick","1191"
"trigger","2466.5"
"trip","1191"
"trippin","3634.5"
"trist","1633"
"tristeza","4426.5"
"troi","2808"
"trop","1840"
"troppo","4755.5"
"troubl","704.5"
"truck","1633"
"true","243"
"truli","1957"
"trumpet","4253.5"
"trunk","2668"
"trust","592"
"truth","416"
"tryin","577"
"tryna","1783"
"tu","117"
"tú","948.5"
"tua","3835"
"tuck","4596.5"
"tudo","2668"
"tue","4755.5"
"tuesday","1547"
"tumbl","948.5"
"tun","3099.5"
"tune","1177.5"
"tunnel","4253.5"
"tuo","4755.5"
"tuoi","4899"
"turn","137"
"turnin","2150"
"tus","582.5"
"tut","4050"
"tutti","4253.5"
"tutto","1725"
"tuve","4755.5"
"tuyo","3451.5"
"tv","1260"
"twelv","2947.5"
"twenti","1957"
"twice","1434.5"
"twilight","3634.5"
"twin","2947.5"
"twist","803.5"
"two","239.5"
"ty","4426.5"
"type","1142"
"u","611.5"
"über","1677.5"
"ugli","1840"
"uh","378.5"
"uhh","1957"
"uhhuh","3451.5"
"uit","4899"
"ultim","2150"
"um","890.5"
"uma","2947.5"
"un","141"
"una","334"
"unabl","4253.5"
"unawar","3099.5"
"uncl","2668"
"und","254"
"under","387.5"
"underground","1398"
"underneath","1725"
"understand","390.5"
"understood","2020"
"undon","2020"
"une","697.5"
"unfold","3099.5"
"unhappi","4050"
"unholi","4426.5"
"uniform","3274"
"union","4253.5"
"unit","3099.5"
"uniti","3634.5"
"univers","2299.5"
"unkind","3634.5"
"unknown","1957"
"unleash","3634.5"
"unless","2150"
"uno","1590"
"unreal","4596.5"
"unseen","3274"
"unser","3451.5"
"unspoken","4050"
"unter","4596.5"
"until","384.5"
"unto","3274"
"untru","3634.5"
"unwind","4253.5"
"up","37"
"upon","424"
"upp","2083"
"upset","1503.5"
"upsid","3099.5"
"uptown","3274"
"ur","1840"
"urg","3634.5"
"us","122"
"usa","4426.5"
"use","223"
"useless","3274"
"ust","3634.5"
"usual","2668"
"ut","4253.5"
"v","2808"
"va","622"
"vaan","4755.5"
"vacat","3634.5"
"vad","4253.5"
"vagu","3835"
"vai","1434.5"
"vaikka","4899"
"vain","1895.5"
"vale","4253.5"
"valentin","2668"
"valley","1725"
"valor","4596.5"
"valu","4253.5"
"vamo","1434.5"
"vampir","4899"
"van","1895.5"
"vanish","4253.5"
"vaniti","4253.5"
"var","2947.5"
"vara","4755.5"
"vas","1121"
"vast","4426.5"
"vaya","2466.5"
"ve","1324.5"
"vece","1840"
"vega","4596.5"
"veil","2668"
"vein","1590"
"vela","4755.5"
"velvet","3099.5"
"vem","4253.5"
"ven","983.5"
"veneno","4755.5"
"vengeanc","3274"
"vengo","4050"
"venir","3835"
"venom","3634.5"
"vent","1398"
"ventana","3274"
"vento","4755.5"
"venus","4253.5"
"veo","2020"
"ver","1160.5"
"vera","4426.5"
"verd","4050"
"verdad","1398"
"veri","542"
"vers","724"
"version","3634.5"
"verso","4050"
"vert","1840"
"ves","1305.5"
"vet","4253.5"
"vete","4050"
"veut","3835"
"veux","2299.5"
"vez","664.5"
"vi","2299.5"
"via","3634.5"
"vibe","2808"
"vibrat","4050"
"vice","2808"
"vicious","2555.5"
"victim","1305.5"
"victori","2808"
"vida","588.5"
"vide","4253.5"
"video","4426.5"
"vie","763"
"viejo","3634.5"
"viel","2299.5"
"vielä","4899"
"vielleicht","4596.5"
"vien","1783"
"vient","4050"
"viento","2668"
"vieux","2150"
"view","1468"
"vil","4253.5"
"vill","2299.5"
"villag","2808"
"vine","3451.5"
"vino","3274"
"violenc","1783"
"violent","3451.5"
"virgin","2808"
"virtu","3835"
"virus","4426.5"
"vision","983.5"
"visit","3099.5"
"visto","2668"
"vita","4899"
"vite","4050"
"viva","3274"
"vive","2668"
"viver","4755.5"
"vivir","1398"
"vivo","1633"
"vivr","2668"
"vocal","2466.5"
"voce","2223"
"você","1547"
"voglio","4596.5"
"voi","3274"
"voic","356"
"void","2150"
"voir","1840"
"voit","4426.5"
"voix","4050"
"volar","3835"
"voll","3835"
"volt","4899"
"volta","4755.5"
"voltar","4596.5"
"volver","1503.5"
"vom","2947.5"
"von","1285.5"
"voodoo","3099.5"
"voor","4899"
"vor","2947.5"
"vorbei","4596.5"
"vorrei","4899"
"vos","890.5"
"vote","3274"
"vou","2299.5"
"vous","1783"
"vow","3274"
"voy","876.5"
"voyag","3835"
"voz","2020"
"vrai","4426.5"
"vraiment","3451.5"
"vu","2466.5"
"vuela","4899"
"vuelta","2947.5"
"vuelto","4755.5"
"vuelv","3274"
"vuelva","2947.5"
"vuelvo","2668"
"vultur","2947.5"
"vuoi","4899"
"vuol","4755.5"
"w","2808"
"wa","3099.5"
"wage","3835"
"wah","3835"
"wail","3451.5"
"waist","3835"
"wait","161"
"waitin","1211"
"wake","482.5"
"walk","153"
"walkin","799"
"wall","440"
"waltz","4596.5"
"wander","1633"
"wanna","112"
"want","61"
"war","473"
"wär","3634.5"
"warm","792.5"
"warmth","3634.5"
"warn","1398"
"warrior","2299.5"
"warum","2947.5"
"was","49"
"wash","864.5"
"wast","605.5"
"wasteland","4426.5"
"wat","4050"
"watch","256"
"watchin","1783"
"water","487.5"
"wave","756.5"
"wax","3634.5"
"way","68.5"
"we","19"
"we’r","4426.5"
"weak","711.5"
"wealth","2466.5"
"weapon","2668"
"wear","647.5"
"weari","2150"
"weather","1191"
"weav","3451.5"
"web","2808"
"wed","1957"
"wee","3835"
"weed","1590"
"week","1260"
"weekend","3099.5"
"weep","1398"
"weer","4899"
"weet","4899"
"weg","2808"
"weh","3274"
"weigh","3835"
"weight","1069"
"weil","1590"
"weird","4253.5"
"weiß","2668"
"weißt","4755.5"
"weit","4899"
"weiter","3274"
"wel","4755.5"
"welcom","731"
"well","116"
"welt","2223"
"wenn","704.5"
"went","427.5"
"wer","2947.5"
"werd","3634.5"
"werden","4596.5"
"were","157"
"west","1398"
"western","3451.5"
"wet","1840"
"what","31"
"whatcha","1840"
"whatev","996.5"
"wheel","983.5"
"when","38"
"whenev","1633"
"where","104"
"wherev","1725"
"whether","2668"
"whi","101"
"which","673"
"while","262"
"whine","3835"
"whip","2299.5"
"whirl","3835"
"whiskey","1633"
"whisper","855.5"
"whistl","1840"
"white","482.5"
"who","93"
"whoa","350"
"whole","395.5"
"whom","3451.5"
"whoo","2668"
"whore","2299.5"
"whose","2020"
"wick","1434.5"
"wide","811"
"wie","750"
"wieder","3099.5"
"wife","983.5"
"wil","4596.5"
"wild","463"
"wilder","4596.5"
"will","22"
"willi","4050"
"william","3099.5"
"willow","2466.5"
"willst","3835"
"win","656.5"
"wind","473"
"window","903.5"
"wine","1142"
"wing","647.5"
"wink","4050"
"winner","2808"
"winter","1547"
"wipe","1725"
"wir","1084.5"
"wird","1840"
"wire","1260"
"wirklich","3451.5"
"wirst","4050"
"wisdom","3451.5"
"wise","1677.5"
"wish","278"
"wissen","4596.5"
"wit","398"
"witch","3274"
"with","33"
"wither","3634.5"
"within","683"
"without","243"
"wo","130"
"woah","890.5"
"woe","4050"
"woh","3835"
"woke","1368.5"
"wolf","3451.5"
"wollen","4426.5"
"wollt","3274"
"wolv","3451.5"
"woman","365"
"womb","2947.5"
"women","1233.5"
"won","2299.5"
"won’t","3634.5"
"wonder","359"
"wonderin","3634.5"
"wonderland","4755.5"
"wont","1468"
"woo","1468"
"wood","2020"
"wooden","4050"
"word","217.5"
"wore","2223"
"work","290"
"workin","1725"
"world","99"
"worm","2150"
"worn","2020"
"worri","485.5"
"wors","1434.5"
"worship","1840"
"worst","1840"
"wort","4050"
"worth","792.5"
"worthi","2808"
"worthless","3451.5"
"would","64"
"wound","1054.5"
"wow","1345"
"wrap","1099.5"
"wrath","3274"
"wreck","1895.5"
"wretch","4050"
"wrist","1840"
"write","913.5"
"writer","4050"
"written","1547"
"wrong","201"
"wrote","1503.5"
"x","1590"
"x2","1285.5"
"x3","2947.5"
"x4","2808"
"y","85"
"ya","103"
"yah","4253.5"
"yall","302"
"yang","4899"
"yard","2150"
"ye","1121"
"yea","598"
"yeah","66"
"year","298.5"
"yearn","4253.5"
"yeh","2380"
"yell","2555.5"
"yellow","1260"
"yer","3099.5"
"yes","238"
"yesterday","1121"
"yet","638.5"
"yeux","1345"
"yi","4899"
"yo","124"
"yonder","4755.5"
"york","1121"
"you","3"
"you’r","2150"
"you´r","4755.5"
"youâr","4050"
"young","453.5"
"younger","3099.5"
"your","16"
"yourself","447.5"
"youth","1547"
"yuh","3274"
"z","3099.5"
"za","4755.5"
"ze","4899"
"zeit","2150"
"zero","2020"
"zijn","4899"
"zo","4899"
"zombi","3835"
"zone","1547"
"zoo","3451.5"
"zu","855.5"
"zum","2299.5"
"zur","4426.5"
"zurück","2808"
"zwei","4253.5"
